ProbeID,NetWorkName,VLANID,ManageIP,GatewayIP,DNS1,DNS2,LeaseMinuteTime,DHCPStartIP,DHCPEndIP
8430291557,VLAN 400,400,10.4.0.253/24,10.4.0.254,10.18.1.1,10.18.1.2,480,,
7173523339,VLAN 401,401,10.4.1.253/24,10.4.1.254,10.18.1.1,10.18.1.2,480,,
12964753692,VLAN 402,402,10.4.2.253/24,10.4.2.254,10.18.1.1,10.18.1.2,480,,
3868200653,VLAN 403,403,10.4.3.253/24,10.4.3.254,10.18.1.1,10.18.1.2,480,,
12098913457,VLAN 404,404,10.4.4.253/24,10.4.4.254,10.18.1.1,10.18.1.2,480,,
8288198452,VLAN 405,405,10.4.5.253/24,10.4.5.254,10.18.1.1,10.18.1.2,480,,
7244537873,VLAN 406,406,10.4.6.253/24,10.4.6.254,10.18.1.1,10.18.1.2,480,,
5977405661,VLAN 407,407,10.4.7.253/24,10.4.7.254,10.18.1.1,10.18.1.2,480,,
12450122179,VLAN 408,408,10.4.8.253/24,10.4.8.254,10.18.1.1,10.18.1.2,480,,
6635754700,VLAN 409,409,10.4.9.253/24,10.4.9.254,10.18.1.1,10.18.1.2,480,,
13706676252,VLAN 410,410,10.4.10.253/24,10.4.10.254,10.18.1.1,10.18.1.2,480,,
7773248035,VLAN 411,411,10.4.11.253/24,10.4.11.254,10.18.1.1,10.18.1.2,480,,
9650253802,VLAN 412,412,10.4.12.253/24,10.4.12.254,10.18.1.1,10.18.1.2,480,,
10553077586,VLAN 413,413,10.4.13.253/24,10.4.13.254,10.18.1.1,10.18.1.2,480,,
11374187507,VLAN 414,414,10.4.14.253/24,10.4.14.254,10.18.1.1,10.18.1.2,480,,
6476752422,VLAN 415,415,10.4.15.253/24,10.4.15.254,10.18.1.1,10.18.1.2,480,,
8306987640,VLAN 416,416,10.4.16.253/24,10.4.16.254,10.18.1.1,10.18.1.2,480,,
8359698699,VLAN 417,417,10.4.17.253/24,10.4.17.254,10.18.1.1,10.18.1.2,480,,
8163277408,VLAN 418,418,10.4.18.253/24,10.4.18.254,10.18.1.1,10.18.1.2,480,,
9965868545,VLAN 419,419,10.4.19.253/24,10.4.19.254,10.18.1.1,10.18.1.2,480,,
5832974753,VLAN 420,420,10.4.20.253/24,10.4.20.254,10.18.1.1,10.18.1.2,480,,
9084782876,VLAN 421,421,10.4.21.253/24,10.4.21.254,10.18.1.1,10.18.1.2,480,,
9783302813,VLAN 422,422,10.4.22.253/24,10.4.22.254,10.18.1.1,10.18.1.2,480,,
8124904281,VLAN 423,423,10.4.23.253/24,10.4.23.254,10.18.1.1,10.18.1.2,480,,
10267892526,VLAN 424,424,10.4.24.253/24,10.4.24.254,10.18.1.1,10.18.1.2,480,,
7867167143,VLAN 425,425,10.4.25.253/24,10.4.25.254,10.18.1.1,10.18.1.2,480,,
9040232688,VLAN 426,426,10.4.26.253/24,10.4.26.254,10.18.1.1,10.18.1.2,480,,
11240962204,VLAN 427,427,10.4.27.253/24,10.4.27.254,10.18.1.1,10.18.1.2,480,,
8062536930,VLAN 428,428,10.4.28.253/24,10.4.28.254,10.18.1.1,10.18.1.2,480,,
3952622972,VLAN 429,429,10.4.29.253/24,10.4.29.254,10.18.1.1,10.18.1.2,480,,
11799045028,VLAN 430,430,10.4.30.253/24,10.4.30.254,10.18.1.1,10.18.1.2,480,,
4244498768,VLAN 431,431,10.4.31.253/24,10.4.31.254,10.18.1.1,10.18.1.2,480,,
7345879195,VLAN 432,432,10.4.32.253/24,10.4.32.254,10.18.1.1,10.18.1.2,480,,
7132917294,VLAN 433,433,10.4.33.253/24,10.4.33.254,10.18.1.1,10.18.1.2,480,,
8137788716,VLAN 434,434,10.4.34.253/24,10.4.34.254,10.18.1.1,10.18.1.2,480,,
9260496150,VLAN 435,435,10.4.35.253/24,10.4.35.254,10.18.1.1,10.18.1.2,480,,
5615155592,VLAN 436,436,10.4.36.253/24,10.4.36.254,10.18.1.1,10.18.1.2,480,,
12617809165,VLAN 437,437,10.4.37.253/24,10.4.37.254,10.18.1.1,10.18.1.2,480,,
9683412597,VLAN 438,438,10.4.38.253/24,10.4.38.254,10.18.1.1,10.18.1.2,480,,
10502202905,VLAN 439,439,10.4.39.253/24,10.4.39.254,10.18.1.1,10.18.1.2,480,,
6869832404,VLAN 440,440,10.4.40.253/24,10.4.40.254,10.18.1.1,10.18.1.2,480,,
9754746444,VLAN 441,441,10.4.41.253/24,10.4.41.254,10.18.1.1,10.18.1.2,480,,
9677220774,VLAN 442,442,10.4.42.253/24,10.4.42.254,10.18.1.1,10.18.1.2,480,,
6328682018,VLAN 443,443,10.4.43.253/24,10.4.43.254,10.18.1.1,10.18.1.2,480,,
6228707344,VLAN 444,444,10.4.44.253/24,10.4.44.254,10.18.1.1,10.18.1.2,480,,
6960393184,VLAN 445,445,10.4.45.253/24,10.4.45.254,10.18.1.1,10.18.1.2,480,,
6496554387,VLAN 446,446,10.4.46.253/24,10.4.46.254,10.18.1.1,10.18.1.2,480,,
7566623501,VLAN 447,447,10.4.47.253/24,10.4.47.254,10.18.1.1,10.18.1.2,480,,
7340035172,VLAN 448,448,10.4.48.253/24,10.4.48.254,10.18.1.1,10.18.1.2,480,,
10974682081,VLAN 449,449,10.4.49.253/24,10.4.49.254,10.18.1.1,10.18.1.2,480,,
8360614908,VLAN 450,450,10.4.50.253/24,10.4.50.254,10.18.1.1,10.18.1.2,480,,
7031665165,VLAN 451,451,10.4.51.253/24,10.4.51.254,10.18.1.1,10.18.1.2,480,,
6314729857,VLAN 452,452,10.4.52.253/24,10.4.52.254,10.18.1.1,10.18.1.2,480,,
10184741746,VLAN 453,453,10.4.53.253/24,10.4.53.254,10.18.1.1,10.18.1.2,480,,
9700176918,VLAN 454,454,10.4.54.253/24,10.4.54.254,10.18.1.1,10.18.1.2,480,,
7621162616,VLAN 455,455,10.4.55.253/24,10.4.55.254,10.18.1.1,10.18.1.2,480,,
7889709392,VLAN 456,456,10.4.56.253/24,10.4.56.254,10.18.1.1,10.18.1.2,480,,
5947517442,VLAN 457,457,10.4.57.253/24,10.4.57.254,10.18.1.1,10.18.1.2,480,,
12647863426,VLAN 458,458,10.4.58.253/24,10.4.58.254,10.18.1.1,10.18.1.2,480,,
10571920283,VLAN 459,459,10.4.59.253/24,10.4.59.254,10.18.1.1,10.18.1.2,480,,
9301720337,VLAN 460,460,10.4.60.253/24,10.4.60.254,10.18.1.1,10.18.1.2,480,,
6865717042,VLAN 461,461,10.4.61.253/24,10.4.61.254,10.18.1.1,10.18.1.2,480,,
12219158606,VLAN 462,462,10.4.62.253/24,10.4.62.254,10.18.1.1,10.18.1.2,480,,
5748225537,VLAN 463,463,10.4.63.253/24,10.4.63.254,10.18.1.1,10.18.1.2,480,,
9016739895,VLAN 464,464,10.4.64.253/24,10.4.64.254,10.18.1.1,10.18.1.2,480,,
10659202481,VLAN 465,465,10.4.65.253/24,10.4.65.254,10.18.1.1,10.18.1.2,480,,
8020700804,VLAN 466,466,10.4.66.253/24,10.4.66.254,10.18.1.1,10.18.1.2,480,,
6874567688,VLAN 467,467,10.4.67.253/24,10.4.67.254,10.18.1.1,10.18.1.2,480,,
6400122302,VLAN 468,468,10.4.68.253/24,10.4.68.254,10.18.1.1,10.18.1.2,480,,
8529219452,VLAN 469,469,10.4.69.253/24,10.4.69.254,10.18.1.1,10.18.1.2,480,,
9918781534,VLAN 470,470,10.4.70.253/24,10.4.70.254,10.18.1.1,10.18.1.2,480,,
7912908979,VLAN 471,471,10.4.71.253/24,10.4.71.254,10.18.1.1,10.18.1.2,480,,
10873727783,VLAN 472,472,10.4.72.253/24,10.4.72.254,10.18.1.1,10.18.1.2,480,,
5874874838,VLAN 473,473,10.4.73.253/24,10.4.73.254,10.18.1.1,10.18.1.2,480,,
11933171895,VLAN 474,474,10.4.74.253/24,10.4.74.254,10.18.1.1,10.18.1.2,480,,
11262927259,VLAN 475,475,10.4.75.253/24,10.4.75.254,10.18.1.1,10.18.1.2,480,,
9497497567,VLAN 476,476,10.4.76.253/24,10.4.76.254,10.18.1.1,10.18.1.2,480,,
6086329349,VLAN 477,477,10.4.77.253/24,10.4.77.254,10.18.1.1,10.18.1.2,480,,
10384131129,VLAN 478,478,10.4.78.253/24,10.4.78.254,10.18.1.1,10.18.1.2,480,,
6703247420,VLAN 479,479,10.4.79.253/24,10.4.79.254,10.18.1.1,10.18.1.2,480,,
11597900979,VLAN 480,480,10.4.80.253/24,10.4.80.254,10.18.1.1,10.18.1.2,480,,
5336603444,VLAN 481,481,10.4.81.253/24,10.4.81.254,10.18.1.1,10.18.1.2,480,,
8728778051,VLAN 482,482,10.4.82.253/24,10.4.82.254,10.18.1.1,10.18.1.2,480,,
7137021810,VLAN 483,483,10.4.83.253/24,10.4.83.254,10.18.1.1,10.18.1.2,480,,
12567143597,VLAN 484,484,10.4.84.253/24,10.4.84.254,10.18.1.1,10.18.1.2,480,,
9255482717,VLAN 485,485,10.4.85.253/24,10.4.85.254,10.18.1.1,10.18.1.2,480,,
7520141866,VLAN 486,486,10.4.86.253/24,10.4.86.254,10.18.1.1,10.18.1.2,480,,
11377844439,VLAN 487,487,10.4.87.253/24,10.4.87.254,10.18.1.1,10.18.1.2,480,,
3405404325,VLAN 488,488,10.4.88.253/24,10.4.88.254,10.18.1.1,10.18.1.2,480,,
8092423238,VLAN 489,489,10.4.89.253/24,10.4.89.254,10.18.1.1,10.18.1.2,480,,
6979355112,VLAN 490,490,10.4.90.253/24,10.4.90.254,10.18.1.1,10.18.1.2,480,,
7852486388,VLAN 491,491,10.4.91.253/24,10.4.91.254,10.18.1.1,10.18.1.2,480,,
11837649212,VLAN 492,492,10.4.92.253/24,10.4.92.254,10.18.1.1,10.18.1.2,480,,
2127125727,VLAN 493,493,10.4.93.253/24,10.4.93.254,10.18.1.1,10.18.1.2,480,,
14520303223,VLAN 494,494,10.4.94.253/24,10.4.94.254,10.18.1.1,10.18.1.2,480,,
8117819740,VLAN 495,495,10.4.95.253/24,10.4.95.254,10.18.1.1,10.18.1.2,480,,
4826449563,VLAN 496,496,10.4.96.253/24,10.4.96.254,10.18.1.1,10.18.1.2,480,,
5290197921,VLAN 497,497,10.4.97.253/24,10.4.97.254,10.18.1.1,10.18.1.2,480,,
9829145579,VLAN 498,498,10.4.98.253/24,10.4.98.254,10.18.1.1,10.18.1.2,480,,
10281096054,VLAN 499,499,10.4.99.253/24,10.4.99.254,10.18.1.1,10.18.1.2,480,,
5473145652,VLAN 500,500,10.4.100.253/24,10.4.100.254,10.18.1.1,10.18.1.2,480,,
8469993398,VLAN 501,501,10.4.101.253/24,10.4.101.254,10.18.1.1,10.18.1.2,480,,
9718426506,VLAN 502,502,10.4.102.253/24,10.4.102.254,10.18.1.1,10.18.1.2,480,,
6473043356,VLAN 503,503,10.4.103.253/24,10.4.103.254,10.18.1.1,10.18.1.2,480,,
12671815791,VLAN 504,504,10.4.104.253/24,10.4.104.254,10.18.1.1,10.18.1.2,480,,
11670104600,VLAN 505,505,10.4.105.253/24,10.4.105.254,10.18.1.1,10.18.1.2,480,,
6669753423,VLAN 506,506,10.4.106.253/24,10.4.106.254,10.18.1.1,10.18.1.2,480,,
8296147726,VLAN 507,507,10.4.107.253/24,10.4.107.254,10.18.1.1,10.18.1.2,480,,
9985277588,VLAN 508,508,10.4.108.253/24,10.4.108.254,10.18.1.1,10.18.1.2,480,,
8068748004,VLAN 509,509,10.4.109.253/24,10.4.109.254,10.18.1.1,10.18.1.2,480,,
8714838892,VLAN 510,510,10.4.110.253/24,10.4.110.254,10.18.1.1,10.18.1.2,480,,
11199785680,VLAN 511,511,10.4.111.253/24,10.4.111.254,10.18.1.1,10.18.1.2,480,,
6611927935,VLAN 512,512,10.4.112.253/24,10.4.112.254,10.18.1.1,10.18.1.2,480,,
13091840742,VLAN 513,513,10.4.113.253/24,10.4.113.254,10.18.1.1,10.18.1.2,480,,
12089228724,VLAN 514,514,10.4.114.253/24,10.4.114.254,10.18.1.1,10.18.1.2,480,,
10227770126,VLAN 515,515,10.4.115.253/24,10.4.115.254,10.18.1.1,10.18.1.2,480,,
10683083664,VLAN 516,516,10.4.116.253/24,10.4.116.254,10.18.1.1,10.18.1.2,480,,
5182536491,VLAN 517,517,10.4.117.253/24,10.4.117.254,10.18.1.1,10.18.1.2,480,,
6273484350,VLAN 518,518,10.4.118.253/24,10.4.118.254,10.18.1.1,10.18.1.2,480,,
8915666543,VLAN 519,519,10.4.119.253/24,10.4.119.254,10.18.1.1,10.18.1.2,480,,
7415650302,VLAN 520,520,10.4.120.253/24,10.4.120.254,10.18.1.1,10.18.1.2,480,,
8097932259,VLAN 521,521,10.4.121.253/24,10.4.121.254,10.18.1.1,10.18.1.2,480,,
13812892193,VLAN 522,522,10.4.122.253/24,10.4.122.254,10.18.1.1,10.18.1.2,480,,
11200717824,VLAN 523,523,10.4.123.253/24,10.4.123.254,10.18.1.1,10.18.1.2,480,,
11343835803,VLAN 524,524,10.4.124.253/24,10.4.124.254,10.18.1.1,10.18.1.2,480,,
9552034012,VLAN 525,525,10.4.125.253/24,10.4.125.254,10.18.1.1,10.18.1.2,480,,
8948341424,VLAN 526,526,10.4.126.253/24,10.4.126.254,10.18.1.1,10.18.1.2,480,,
6515190030,VLAN 527,527,10.4.127.253/24,10.4.127.254,10.18.1.1,10.18.1.2,480,,
6538776135,VLAN 528,528,10.4.128.253/24,10.4.128.254,10.18.1.1,10.18.1.2,480,,
7303938251,VLAN 529,529,10.4.129.253/24,10.4.129.254,10.18.1.1,10.18.1.2,480,,
8388182365,VLAN 530,530,10.4.130.253/24,10.4.130.254,10.18.1.1,10.18.1.2,480,,
8859347395,VLAN 531,531,10.4.131.253/24,10.4.131.254,10.18.1.1,10.18.1.2,480,,
9936528023,VLAN 532,532,10.4.132.253/24,10.4.132.254,10.18.1.1,10.18.1.2,480,,
9588295486,VLAN 533,533,10.4.133.253/24,10.4.133.254,10.18.1.1,10.18.1.2,480,,
5262283068,VLAN 534,534,10.4.134.253/24,10.4.134.254,10.18.1.1,10.18.1.2,480,,
11592736290,VLAN 535,535,10.4.135.253/24,10.4.135.254,10.18.1.1,10.18.1.2,480,,
10501495939,VLAN 536,536,10.4.136.253/24,10.4.136.254,10.18.1.1,10.18.1.2,480,,
4498575015,VLAN 537,537,10.4.137.253/24,10.4.137.254,10.18.1.1,10.18.1.2,480,,
3749984344,VLAN 538,538,10.4.138.253/24,10.4.138.254,10.18.1.1,10.18.1.2,480,,
11974270062,VLAN 539,539,10.4.139.253/24,10.4.139.254,10.18.1.1,10.18.1.2,480,,
6079380787,VLAN 540,540,10.4.140.253/24,10.4.140.254,10.18.1.1,10.18.1.2,480,,
4401805112,VLAN 541,541,10.4.141.253/24,10.4.141.254,10.18.1.1,10.18.1.2,480,,
7176207806,VLAN 542,542,10.4.142.253/24,10.4.142.254,10.18.1.1,10.18.1.2,480,,
8699486988,VLAN 543,543,10.4.143.253/24,10.4.143.254,10.18.1.1,10.18.1.2,480,,
10948000236,VLAN 544,544,10.4.144.253/24,10.4.144.254,10.18.1.1,10.18.1.2,480,,
4858057262,VLAN 545,545,10.4.145.253/24,10.4.145.254,10.18.1.1,10.18.1.2,480,,
12103125288,VLAN 546,546,10.4.146.253/24,10.4.146.254,10.18.1.1,10.18.1.2,480,,
7592018970,VLAN 547,547,10.4.147.253/24,10.4.147.254,10.18.1.1,10.18.1.2,480,,
13090429424,VLAN 548,548,10.4.148.253/24,10.4.148.254,10.18.1.1,10.18.1.2,480,,
12641530387,VLAN 549,549,10.4.149.253/24,10.4.149.254,10.18.1.1,10.18.1.2,480,,
4530952350,VLAN 550,550,10.4.150.253/24,10.4.150.254,10.18.1.1,10.18.1.2,480,,
11918040728,VLAN 551,551,10.4.151.253/24,10.4.151.254,10.18.1.1,10.18.1.2,480,,
8990347080,VLAN 552,552,10.4.152.253/24,10.4.152.254,10.18.1.1,10.18.1.2,480,,
4797120118,VLAN 553,553,10.4.153.253/24,10.4.153.254,10.18.1.1,10.18.1.2,480,,
13189752809,VLAN 554,554,10.4.154.253/24,10.4.154.254,10.18.1.1,10.18.1.2,480,,
7309685479,VLAN 555,555,10.4.155.253/24,10.4.155.254,10.18.1.1,10.18.1.2,480,,
7051962176,VLAN 556,556,10.4.156.253/24,10.4.156.254,10.18.1.1,10.18.1.2,480,,
9182566445,VLAN 557,557,10.4.157.253/24,10.4.157.254,10.18.1.1,10.18.1.2,480,,
10412378793,VLAN 558,558,10.4.158.253/24,10.4.158.254,10.18.1.1,10.18.1.2,480,,
11218025247,VLAN 559,559,10.4.159.253/24,10.4.159.254,10.18.1.1,10.18.1.2,480,,
8681799060,VLAN 560,560,10.4.160.253/24,10.4.160.254,10.18.1.1,10.18.1.2,480,,
10839235291,VLAN 561,561,10.4.161.253/24,10.4.161.254,10.18.1.1,10.18.1.2,480,,
9022847811,VLAN 562,562,10.4.162.253/24,10.4.162.254,10.18.1.1,10.18.1.2,480,,
6606841967,VLAN 563,563,10.4.163.253/24,10.4.163.254,10.18.1.1,10.18.1.2,480,,
5906011844,VLAN 564,564,10.4.164.253/24,10.4.164.254,10.18.1.1,10.18.1.2,480,,
2794262285,VLAN 565,565,10.4.165.253/24,10.4.165.254,10.18.1.1,10.18.1.2,480,,
10316078928,VLAN 566,566,10.4.166.253/24,10.4.166.254,10.18.1.1,10.18.1.2,480,,
8537310264,VLAN 567,567,10.4.167.253/24,10.4.167.254,10.18.1.1,10.18.1.2,480,,
7838370600,VLAN 568,568,10.4.168.253/24,10.4.168.254,10.18.1.1,10.18.1.2,480,,
6570004825,VLAN 569,569,10.4.169.253/24,10.4.169.254,10.18.1.1,10.18.1.2,480,,
10251553718,VLAN 570,570,10.4.170.253/24,10.4.170.254,10.18.1.1,10.18.1.2,480,,
5459391299,VLAN 571,571,10.4.171.253/24,10.4.171.254,10.18.1.1,10.18.1.2,480,,
9584887224,VLAN 572,572,10.4.172.253/24,10.4.172.254,10.18.1.1,10.18.1.2,480,,
8605877633,VLAN 573,573,10.4.173.253/24,10.4.173.254,10.18.1.1,10.18.1.2,480,,
13691624086,VLAN 574,574,10.4.174.253/24,10.4.174.254,10.18.1.1,10.18.1.2,480,,
12636344355,VLAN 575,575,10.4.175.253/24,10.4.175.254,10.18.1.1,10.18.1.2,480,,
7771817861,VLAN 576,576,10.4.176.253/24,10.4.176.254,10.18.1.1,10.18.1.2,480,,
9372042718,VLAN 577,577,10.4.177.253/24,10.4.177.254,10.18.1.1,10.18.1.2,480,,
6087926623,VLAN 578,578,10.4.178.253/24,10.4.178.254,10.18.1.1,10.18.1.2,480,,
10108829401,VLAN 579,579,10.4.179.253/24,10.4.179.254,10.18.1.1,10.18.1.2,480,,
6855570597,VLAN 580,580,10.4.180.253/24,10.4.180.254,10.18.1.1,10.18.1.2,480,,
8342307791,VLAN 581,581,10.4.181.253/24,10.4.181.254,10.18.1.1,10.18.1.2,480,,
7857481628,VLAN 582,582,10.4.182.253/24,10.4.182.254,10.18.1.1,10.18.1.2,480,,
12276110993,VLAN 583,583,10.4.183.253/24,10.4.183.254,10.18.1.1,10.18.1.2,480,,
11523787878,VLAN 584,584,10.4.184.253/24,10.4.184.254,10.18.1.1,10.18.1.2,480,,
6662919701,VLAN 585,585,10.4.185.253/24,10.4.185.254,10.18.1.1,10.18.1.2,480,,
9525553403,VLAN 586,586,10.4.186.253/24,10.4.186.254,10.18.1.1,10.18.1.2,480,,
6597360976,VLAN 587,587,10.4.187.253/24,10.4.187.254,10.18.1.1,10.18.1.2,480,,
6725511340,VLAN 588,588,10.4.188.253/24,10.4.188.254,10.18.1.1,10.18.1.2,480,,
8846929709,VLAN 589,589,10.4.189.253/24,10.4.189.254,10.18.1.1,10.18.1.2,480,,
7847510192,VLAN 590,590,10.4.190.253/24,10.4.190.254,10.18.1.1,10.18.1.2,480,,
8594490476,VLAN 591,591,10.4.191.253/24,10.4.191.254,10.18.1.1,10.18.1.2,480,,
12365367379,VLAN 592,592,10.4.192.253/24,10.4.192.254,10.18.1.1,10.18.1.2,480,,
10320009253,VLAN 593,593,10.4.193.253/24,10.4.193.254,10.18.1.1,10.18.1.2,480,,
8411524787,VLAN 594,594,10.4.194.253/24,10.4.194.254,10.18.1.1,10.18.1.2,480,,
12290019647,VLAN 595,595,10.4.195.253/24,10.4.195.254,10.18.1.1,10.18.1.2,480,,
7317731856,VLAN 596,596,10.4.196.253/24,10.4.196.254,10.18.1.1,10.18.1.2,480,,
8268990241,VLAN 597,597,10.4.197.253/24,10.4.197.254,10.18.1.1,10.18.1.2,480,,
8308717851,VLAN 598,598,10.4.198.253/24,10.4.198.254,10.18.1.1,10.18.1.2,480,,
11372895019,VLAN 599,599,10.4.199.253/24,10.4.199.254,10.18.1.1,10.18.1.2,480,,
8462254881,VLAN 600,600,10.4.200.253/24,10.4.200.254,10.18.1.1,10.18.1.2,480,,
9542952881,VLAN 601,601,10.4.201.253/24,10.4.201.254,10.18.1.1,10.18.1.2,480,,
14275277534,VLAN 602,602,10.4.202.253/24,10.4.202.254,10.18.1.1,10.18.1.2,480,,
8342223003,VLAN 603,603,10.4.203.253/24,10.4.203.254,10.18.1.1,10.18.1.2,480,,
4416214473,VLAN 604,604,10.4.204.253/24,10.4.204.254,10.18.1.1,10.18.1.2,480,,
6582298575,VLAN 605,605,10.4.205.253/24,10.4.205.254,10.18.1.1,10.18.1.2,480,,
5704192203,VLAN 606,606,10.4.206.253/24,10.4.206.254,10.18.1.1,10.18.1.2,480,,
8236188386,VLAN 607,607,10.4.207.253/24,10.4.207.254,10.18.1.1,10.18.1.2,480,,
7197775952,VLAN 608,608,10.4.208.253/24,10.4.208.254,10.18.1.1,10.18.1.2,480,,
7674265814,VLAN 609,609,10.4.209.253/24,10.4.209.254,10.18.1.1,10.18.1.2,480,,
6368965884,VLAN 610,610,10.4.210.253/24,10.4.210.254,10.18.1.1,10.18.1.2,480,,
4473289140,VLAN 611,611,10.4.211.253/24,10.4.211.254,10.18.1.1,10.18.1.2,480,,
10018516982,VLAN 612,612,10.4.212.253/24,10.4.212.254,10.18.1.1,10.18.1.2,480,,
10169533508,VLAN 613,613,10.4.213.253/24,10.4.213.254,10.18.1.1,10.18.1.2,480,,
10495873187,VLAN 614,614,10.4.214.253/24,10.4.214.254,10.18.1.1,10.18.1.2,480,,
9737421041,VLAN 615,615,10.4.215.253/24,10.4.215.254,10.18.1.1,10.18.1.2,480,,
5994870709,VLAN 616,616,10.4.216.253/24,10.4.216.254,10.18.1.1,10.18.1.2,480,,
10679482329,VLAN 617,617,10.4.217.253/24,10.4.217.254,10.18.1.1,10.18.1.2,480,,
9172742033,VLAN 618,618,10.4.218.253/24,10.4.218.254,10.18.1.1,10.18.1.2,480,,
9079958971,VLAN 619,619,10.4.219.253/24,10.4.219.254,10.18.1.1,10.18.1.2,480,,
10300215485,VLAN 620,620,10.4.220.253/24,10.4.220.254,10.18.1.1,10.18.1.2,480,,
5643428754,VLAN 621,621,10.4.221.253/24,10.4.221.254,10.18.1.1,10.18.1.2,480,,
5785587782,VLAN 622,622,10.4.222.253/24,10.4.222.254,10.18.1.1,10.18.1.2,480,,
5491800353,VLAN 623,623,10.4.223.253/24,10.4.223.254,10.18.1.1,10.18.1.2,480,,
4243640352,VLAN 624,624,10.4.224.253/24,10.4.224.254,10.18.1.1,10.18.1.2,480,,
7191069518,VLAN 625,625,10.4.225.253/24,10.4.225.254,10.18.1.1,10.18.1.2,480,,
6513252979,VLAN 626,626,10.4.226.253/24,10.4.226.254,10.18.1.1,10.18.1.2,480,,
7603333065,VLAN 627,627,10.4.227.253/24,10.4.227.254,10.18.1.1,10.18.1.2,480,,
12342912724,VLAN 628,628,10.4.228.253/24,10.4.228.254,10.18.1.1,10.18.1.2,480,,
2033790029,VLAN 629,629,10.4.229.253/24,10.4.229.254,10.18.1.1,10.18.1.2,480,,
9448193550,VLAN 630,630,10.4.230.253/24,10.4.230.254,10.18.1.1,10.18.1.2,480,,
4891901386,VLAN 631,631,10.4.231.253/24,10.4.231.254,10.18.1.1,10.18.1.2,480,,
9767753528,VLAN 632,632,10.4.232.253/24,10.4.232.254,10.18.1.1,10.18.1.2,480,,
9485579165,VLAN 633,633,10.4.233.253/24,10.4.233.254,10.18.1.1,10.18.1.2,480,,
13986612872,VLAN 634,634,10.4.234.253/24,10.4.234.254,10.18.1.1,10.18.1.2,480,,
9137770322,VLAN 635,635,10.4.235.253/24,10.4.235.254,10.18.1.1,10.18.1.2,480,,
10012985351,VLAN 636,636,10.4.236.253/24,10.4.236.254,10.18.1.1,10.18.1.2,480,,
9881558185,VLAN 637,637,10.4.237.253/24,10.4.237.254,10.18.1.1,10.18.1.2,480,,
10137380759,VLAN 638,638,10.4.238.253/24,10.4.238.254,10.18.1.1,10.18.1.2,480,,
9779531577,VLAN 639,639,10.4.239.253/24,10.4.239.254,10.18.1.1,10.18.1.2,480,,
12058726428,VLAN 640,640,10.4.240.253/24,10.4.240.254,10.18.1.1,10.18.1.2,480,,
7294916256,VLAN 641,641,10.4.241.253/24,10.4.241.254,10.18.1.1,10.18.1.2,480,,
2871435865,VLAN 642,642,10.4.242.253/24,10.4.242.254,10.18.1.1,10.18.1.2,480,,
9790896967,VLAN 643,643,10.4.243.253/24,10.4.243.254,10.18.1.1,10.18.1.2,480,,
9496534566,VLAN 644,644,10.4.244.253/24,10.4.244.254,10.18.1.1,10.18.1.2,480,,
10781779836,VLAN 645,645,10.4.245.253/24,10.4.245.254,10.18.1.1,10.18.1.2,480,,
10320490756,VLAN 646,646,10.4.246.253/24,10.4.246.254,10.18.1.1,10.18.1.2,480,,
12046533368,VLAN 647,647,10.4.247.253/24,10.4.247.254,10.18.1.1,10.18.1.2,480,,
12680939956,VLAN 648,648,10.4.248.253/24,10.4.248.254,10.18.1.1,10.18.1.2,480,,
7983329692,VLAN 649,649,10.4.249.253/24,10.4.249.254,10.18.1.1,10.18.1.2,480,,
8735419110,VLAN 650,650,10.4.250.253/24,10.4.250.254,10.18.1.1,10.18.1.2,480,,
5250891468,VLAN 651,651,10.4.251.253/24,10.4.251.254,10.18.1.1,10.18.1.2,480,,
3038180197,VLAN 652,652,10.4.252.253/24,10.4.252.254,10.18.1.1,10.18.1.2,480,,
11581985476,VLAN 653,653,10.4.253.253/24,10.4.253.254,10.18.1.1,10.18.1.2,480,,
10893615959,VLAN 654,654,10.4.254.253/24,10.4.254.254,10.18.1.1,10.18.1.2,480,,
8522456249,VLAN 655,655,10.4.255.253/24,10.4.255.254,10.18.1.1,10.18.1.2,480,,
11401928567,VLAN 656,656,10.5.0.253/24,10.5.0.254,10.18.1.1,10.18.1.2,480,,
9616133636,VLAN 657,657,10.5.1.253/24,10.5.1.254,10.18.1.1,10.18.1.2,480,,
6354799854,VLAN 658,658,10.5.2.253/24,10.5.2.254,10.18.1.1,10.18.1.2,480,,
7889561911,VLAN 659,659,10.5.3.253/24,10.5.3.254,10.18.1.1,10.18.1.2,480,,
8727573454,VLAN 660,660,10.5.4.253/24,10.5.4.254,10.18.1.1,10.18.1.2,480,,
6573066361,VLAN 661,661,10.5.5.253/24,10.5.5.254,10.18.1.1,10.18.1.2,480,,
9841293221,VLAN 662,662,10.5.6.253/24,10.5.6.254,10.18.1.1,10.18.1.2,480,,
11903320420,VLAN 663,663,10.5.7.253/24,10.5.7.254,10.18.1.1,10.18.1.2,480,,
10334328188,VLAN 664,664,10.5.8.253/24,10.5.8.254,10.18.1.1,10.18.1.2,480,,
10990161946,VLAN 665,665,10.5.9.253/24,10.5.9.254,10.18.1.1,10.18.1.2,480,,
6168904099,VLAN 666,666,10.5.10.253/24,10.5.10.254,10.18.1.1,10.18.1.2,480,,
9493575153,VLAN 667,667,10.5.11.253/24,10.5.11.254,10.18.1.1,10.18.1.2,480,,
8499685905,VLAN 668,668,10.5.12.253/24,10.5.12.254,10.18.1.1,10.18.1.2,480,,
4524649380,VLAN 669,669,10.5.13.253/24,10.5.13.254,10.18.1.1,10.18.1.2,480,,
6047901027,VLAN 670,670,10.5.14.253/24,10.5.14.254,10.18.1.1,10.18.1.2,480,,
7487985254,VLAN 671,671,10.5.15.253/24,10.5.15.254,10.18.1.1,10.18.1.2,480,,
14312678634,VLAN 672,672,10.5.16.253/24,10.5.16.254,10.18.1.1,10.18.1.2,480,,
9084699194,VLAN 673,673,10.5.17.253/24,10.5.17.254,10.18.1.1,10.18.1.2,480,,
7458160101,VLAN 674,674,10.5.18.253/24,10.5.18.254,10.18.1.1,10.18.1.2,480,,
6670088695,VLAN 675,675,10.5.19.253/24,10.5.19.254,10.18.1.1,10.18.1.2,480,,
10339733269,VLAN 676,676,10.5.20.253/24,10.5.20.254,10.18.1.1,10.18.1.2,480,,
8061321815,VLAN 677,677,10.5.21.253/24,10.5.21.254,10.18.1.1,10.18.1.2,480,,
4927070907,VLAN 678,678,10.5.22.253/24,10.5.22.254,10.18.1.1,10.18.1.2,480,,
5438649755,VLAN 679,679,10.5.23.253/24,10.5.23.254,10.18.1.1,10.18.1.2,480,,
11132517055,VLAN 680,680,10.5.24.253/24,10.5.24.254,10.18.1.1,10.18.1.2,480,,
11921331278,VLAN 681,681,10.5.25.253/24,10.5.25.254,10.18.1.1,10.18.1.2,480,,
11041819438,VLAN 682,682,10.5.26.253/24,10.5.26.254,10.18.1.1,10.18.1.2,480,,
11895175037,VLAN 683,683,10.5.27.253/24,10.5.27.254,10.18.1.1,10.18.1.2,480,,
9516250335,VLAN 684,684,10.5.28.253/24,10.5.28.254,10.18.1.1,10.18.1.2,480,,
3442336044,VLAN 685,685,10.5.29.253/24,10.5.29.254,10.18.1.1,10.18.1.2,480,,
7982323288,VLAN 686,686,10.5.30.253/24,10.5.30.254,10.18.1.1,10.18.1.2,480,,
7270130375,VLAN 687,687,10.5.31.253/24,10.5.31.254,10.18.1.1,10.18.1.2,480,,
7196497179,VLAN 688,688,10.5.32.253/24,10.5.32.254,10.18.1.1,10.18.1.2,480,,
11351346673,VLAN 689,689,10.5.33.253/24,10.5.33.254,10.18.1.1,10.18.1.2,480,,
13012124677,VLAN 690,690,10.5.34.253/24,10.5.34.254,10.18.1.1,10.18.1.2,480,,
8212231322,VLAN 691,691,10.5.35.253/24,10.5.35.254,10.18.1.1,10.18.1.2,480,,
8712907595,VLAN 692,692,10.5.36.253/24,10.5.36.254,10.18.1.1,10.18.1.2,480,,
6701506025,VLAN 693,693,10.5.37.253/24,10.5.37.254,10.18.1.1,10.18.1.2,480,,
8251791565,VLAN 694,694,10.5.38.253/24,10.5.38.254,10.18.1.1,10.18.1.2,480,,
8019828449,VLAN 695,695,10.5.39.253/24,10.5.39.254,10.18.1.1,10.18.1.2,480,,
8566537011,VLAN 696,696,10.5.40.253/24,10.5.40.254,10.18.1.1,10.18.1.2,480,,
4547165675,VLAN 697,697,10.5.41.253/24,10.5.41.254,10.18.1.1,10.18.1.2,480,,
12829055533,VLAN 698,698,10.5.42.253/24,10.5.42.254,10.18.1.1,10.18.1.2,480,,
5649574920,VLAN 699,699,10.5.43.253/24,10.5.43.254,10.18.1.1,10.18.1.2,480,,
9223004915,VLAN 700,700,10.5.44.253/24,10.5.44.254,10.18.1.1,10.18.1.2,480,,
5926392001,VLAN 701,701,10.5.45.253/24,10.5.45.254,10.18.1.1,10.18.1.2,480,,
10128706721,VLAN 702,702,10.5.46.253/24,10.5.46.254,10.18.1.1,10.18.1.2,480,,
10062607385,VLAN 703,703,10.5.47.253/24,10.5.47.254,10.18.1.1,10.18.1.2,480,,
8140851409,VLAN 704,704,10.5.48.253/24,10.5.48.254,10.18.1.1,10.18.1.2,480,,
7365571616,VLAN 705,705,10.5.49.253/24,10.5.49.254,10.18.1.1,10.18.1.2,480,,
11131658405,VLAN 706,706,10.5.50.253/24,10.5.50.254,10.18.1.1,10.18.1.2,480,,
10915221354,VLAN 707,707,10.5.51.253/24,10.5.51.254,10.18.1.1,10.18.1.2,480,,
11191012972,VLAN 708,708,10.5.52.253/24,10.5.52.254,10.18.1.1,10.18.1.2,480,,
7418756974,VLAN 709,709,10.5.53.253/24,10.5.53.254,10.18.1.1,10.18.1.2,480,,
12219303308,VLAN 710,710,10.5.54.253/24,10.5.54.254,10.18.1.1,10.18.1.2,480,,
8730315992,VLAN 711,711,10.5.55.253/24,10.5.55.254,10.18.1.1,10.18.1.2,480,,
8360736769,VLAN 712,712,10.5.56.253/24,10.5.56.254,10.18.1.1,10.18.1.2,480,,
7734070016,VLAN 713,713,10.5.57.253/24,10.5.57.254,10.18.1.1,10.18.1.2,480,,
10864268291,VLAN 714,714,10.5.58.253/24,10.5.58.254,10.18.1.1,10.18.1.2,480,,
11051465672,VLAN 715,715,10.5.59.253/24,10.5.59.254,10.18.1.1,10.18.1.2,480,,
10753776954,VLAN 716,716,10.5.60.253/24,10.5.60.254,10.18.1.1,10.18.1.2,480,,
11958973920,VLAN 717,717,10.5.61.253/24,10.5.61.254,10.18.1.1,10.18.1.2,480,,
11154738080,VLAN 718,718,10.5.62.253/24,10.5.62.254,10.18.1.1,10.18.1.2,480,,
12607870543,VLAN 719,719,10.5.63.253/24,10.5.63.254,10.18.1.1,10.18.1.2,480,,
7740502353,VLAN 720,720,10.5.64.253/24,10.5.64.254,10.18.1.1,10.18.1.2,480,,
9445081860,VLAN 721,721,10.5.65.253/24,10.5.65.254,10.18.1.1,10.18.1.2,480,,
6735451960,VLAN 722,722,10.5.66.253/24,10.5.66.254,10.18.1.1,10.18.1.2,480,,
12111706517,VLAN 723,723,10.5.67.253/24,10.5.67.254,10.18.1.1,10.18.1.2,480,,
7080556010,VLAN 724,724,10.5.68.253/24,10.5.68.254,10.18.1.1,10.18.1.2,480,,
9061969742,VLAN 725,725,10.5.69.253/24,10.5.69.254,10.18.1.1,10.18.1.2,480,,
9425030895,VLAN 726,726,10.5.70.253/24,10.5.70.254,10.18.1.1,10.18.1.2,480,,
10194096453,VLAN 727,727,10.5.71.253/24,10.5.71.254,10.18.1.1,10.18.1.2,480,,
12832321159,VLAN 728,728,10.5.72.253/24,10.5.72.254,10.18.1.1,10.18.1.2,480,,
6785131638,VLAN 729,729,10.5.73.253/24,10.5.73.254,10.18.1.1,10.18.1.2,480,,
9887892180,VLAN 730,730,10.5.74.253/24,10.5.74.254,10.18.1.1,10.18.1.2,480,,
7386493841,VLAN 731,731,10.5.75.253/24,10.5.75.254,10.18.1.1,10.18.1.2,480,,
6460169832,VLAN 732,732,10.5.76.253/24,10.5.76.254,10.18.1.1,10.18.1.2,480,,
10607714074,VLAN 733,733,10.5.77.253/24,10.5.77.254,10.18.1.1,10.18.1.2,480,,
7967396041,VLAN 734,734,10.5.78.253/24,10.5.78.254,10.18.1.1,10.18.1.2,480,,
8814523091,VLAN 735,735,10.5.79.253/24,10.5.79.254,10.18.1.1,10.18.1.2,480,,
4836241440,VLAN 736,736,10.5.80.253/24,10.5.80.254,10.18.1.1,10.18.1.2,480,,
8913468626,VLAN 737,737,10.5.81.253/24,10.5.81.254,10.18.1.1,10.18.1.2,480,,
3583675320,VLAN 738,738,10.5.82.253/24,10.5.82.254,10.18.1.1,10.18.1.2,480,,
6274552078,VLAN 739,739,10.5.83.253/24,10.5.83.254,10.18.1.1,10.18.1.2,480,,
8273544372,VLAN 740,740,10.5.84.253/24,10.5.84.254,10.18.1.1,10.18.1.2,480,,
8291051736,VLAN 741,741,10.5.85.253/24,10.5.85.254,10.18.1.1,10.18.1.2,480,,
6867627753,VLAN 742,742,10.5.86.253/24,10.5.86.254,10.18.1.1,10.18.1.2,480,,
10158928952,VLAN 743,743,10.5.87.253/24,10.5.87.254,10.18.1.1,10.18.1.2,480,,
8109495179,VLAN 744,744,10.5.88.253/24,10.5.88.254,10.18.1.1,10.18.1.2,480,,
11305734470,VLAN 745,745,10.5.89.253/24,10.5.89.254,10.18.1.1,10.18.1.2,480,,
9245060919,VLAN 746,746,10.5.90.253/24,10.5.90.254,10.18.1.1,10.18.1.2,480,,
11658280165,VLAN 747,747,10.5.91.253/24,10.5.91.254,10.18.1.1,10.18.1.2,480,,
8521596695,VLAN 748,748,10.5.92.253/24,10.5.92.254,10.18.1.1,10.18.1.2,480,,
9181656497,VLAN 749,749,10.5.93.253/24,10.5.93.254,10.18.1.1,10.18.1.2,480,,
8675233480,VLAN 750,750,10.5.94.253/24,10.5.94.254,10.18.1.1,10.18.1.2,480,,
9808207652,VLAN 751,751,10.5.95.253/24,10.5.95.254,10.18.1.1,10.18.1.2,480,,
7419314364,VLAN 752,752,10.5.96.253/24,10.5.96.254,10.18.1.1,10.18.1.2,480,,
6248408538,VLAN 753,753,10.5.97.253/24,10.5.97.254,10.18.1.1,10.18.1.2,480,,
8926559299,VLAN 754,754,10.5.98.253/24,10.5.98.254,10.18.1.1,10.18.1.2,480,,
8422644273,VLAN 755,755,10.5.99.253/24,10.5.99.254,10.18.1.1,10.18.1.2,480,,
11390057102,VLAN 756,756,10.5.100.253/24,10.5.100.254,10.18.1.1,10.18.1.2,480,,
10016487352,VLAN 757,757,10.5.101.253/24,10.5.101.254,10.18.1.1,10.18.1.2,480,,
8791659004,VLAN 758,758,10.5.102.253/24,10.5.102.254,10.18.1.1,10.18.1.2,480,,
11000304907,VLAN 759,759,10.5.103.253/24,10.5.103.254,10.18.1.1,10.18.1.2,480,,
10019096147,VLAN 760,760,10.5.104.253/24,10.5.104.254,10.18.1.1,10.18.1.2,480,,
12822848217,VLAN 761,761,10.5.105.253/24,10.5.105.254,10.18.1.1,10.18.1.2,480,,
12129182744,VLAN 762,762,10.5.106.253/24,10.5.106.254,10.18.1.1,10.18.1.2,480,,
10922603318,VLAN 763,763,10.5.107.253/24,10.5.107.254,10.18.1.1,10.18.1.2,480,,
8392758123,VLAN 764,764,10.5.108.253/24,10.5.108.254,10.18.1.1,10.18.1.2,480,,
11507782238,VLAN 765,765,10.5.109.253/24,10.5.109.254,10.18.1.1,10.18.1.2,480,,
4411396157,VLAN 766,766,10.5.110.253/24,10.5.110.254,10.18.1.1,10.18.1.2,480,,
9676361999,VLAN 767,767,10.5.111.253/24,10.5.111.254,10.18.1.1,10.18.1.2,480,,
6369930179,VLAN 768,768,10.5.112.253/24,10.5.112.254,10.18.1.1,10.18.1.2,480,,
9809711757,VLAN 769,769,10.5.113.253/24,10.5.113.254,10.18.1.1,10.18.1.2,480,,
8387662049,VLAN 770,770,10.5.114.253/24,10.5.114.254,10.18.1.1,10.18.1.2,480,,
11490471132,VLAN 771,771,10.5.115.253/24,10.5.115.254,10.18.1.1,10.18.1.2,480,,
12550190826,VLAN 772,772,10.5.116.253/24,10.5.116.254,10.18.1.1,10.18.1.2,480,,
9023033336,VLAN 773,773,10.5.117.253/24,10.5.117.254,10.18.1.1,10.18.1.2,480,,
8648517780,VLAN 774,774,10.5.118.253/24,10.5.118.254,10.18.1.1,10.18.1.2,480,,
9319102748,VLAN 775,775,10.5.119.253/24,10.5.119.254,10.18.1.1,10.18.1.2,480,,
4912059343,VLAN 776,776,10.5.120.253/24,10.5.120.254,10.18.1.1,10.18.1.2,480,,
9086752105,VLAN 777,777,10.5.121.253/24,10.5.121.254,10.18.1.1,10.18.1.2,480,,
11472985550,VLAN 778,778,10.5.122.253/24,10.5.122.254,10.18.1.1,10.18.1.2,480,,
10509960950,VLAN 779,779,10.5.123.253/24,10.5.123.254,10.18.1.1,10.18.1.2,480,,
7439967139,VLAN 780,780,10.5.124.253/24,10.5.124.254,10.18.1.1,10.18.1.2,480,,
10272013849,VLAN 781,781,10.5.125.253/24,10.5.125.254,10.18.1.1,10.18.1.2,480,,
8495193178,VLAN 782,782,10.5.126.253/24,10.5.126.254,10.18.1.1,10.18.1.2,480,,
8276825971,VLAN 783,783,10.5.127.253/24,10.5.127.254,10.18.1.1,10.18.1.2,480,,
7105676734,VLAN 784,784,10.5.128.253/24,10.5.128.254,10.18.1.1,10.18.1.2,480,,
8627829669,VLAN 785,785,10.5.129.253/24,10.5.129.254,10.18.1.1,10.18.1.2,480,,
5696363989,VLAN 786,786,10.5.130.253/24,10.5.130.254,10.18.1.1,10.18.1.2,480,,
6097924426,VLAN 787,787,10.5.131.253/24,10.5.131.254,10.18.1.1,10.18.1.2,480,,
9690973285,VLAN 788,788,10.5.132.253/24,10.5.132.254,10.18.1.1,10.18.1.2,480,,
9979724391,VLAN 789,789,10.5.133.253/24,10.5.133.254,10.18.1.1,10.18.1.2,480,,
11081619309,VLAN 790,790,10.5.134.253/24,10.5.134.254,10.18.1.1,10.18.1.2,480,,
7005704234,VLAN 791,791,10.5.135.253/24,10.5.135.254,10.18.1.1,10.18.1.2,480,,
11665269489,VLAN 792,792,10.5.136.253/24,10.5.136.254,10.18.1.1,10.18.1.2,480,,
10349032868,VLAN 793,793,10.5.137.253/24,10.5.137.254,10.18.1.1,10.18.1.2,480,,
11830531349,VLAN 794,794,10.5.138.253/24,10.5.138.254,10.18.1.1,10.18.1.2,480,,
7867807546,VLAN 795,795,10.5.139.253/24,10.5.139.254,10.18.1.1,10.18.1.2,480,,
14059376506,VLAN 796,796,10.5.140.253/24,10.5.140.254,10.18.1.1,10.18.1.2,480,,
14256573695,VLAN 797,797,10.5.141.253/24,10.5.141.254,10.18.1.1,10.18.1.2,480,,
15180702833,VLAN 798,798,10.5.142.253/24,10.5.142.254,10.18.1.1,10.18.1.2,480,,
7472476586,VLAN 799,799,10.5.143.253/24,10.5.143.254,10.18.1.1,10.18.1.2,480,,
5255213420,VLAN 800,800,10.5.144.253/24,10.5.144.254,10.18.1.1,10.18.1.2,480,,
10816410473,VLAN 801,801,10.5.145.253/24,10.5.145.254,10.18.1.1,10.18.1.2,480,,
14663712285,VLAN 802,802,10.5.146.253/24,10.5.146.254,10.18.1.1,10.18.1.2,480,,
6097287810,VLAN 803,803,10.5.147.253/24,10.5.147.254,10.18.1.1,10.18.1.2,480,,
14347870534,VLAN 804,804,10.5.148.253/24,10.5.148.254,10.18.1.1,10.18.1.2,480,,
12438948806,VLAN 805,805,10.5.149.253/24,10.5.149.254,10.18.1.1,10.18.1.2,480,,
9569750609,VLAN 806,806,10.5.150.253/24,10.5.150.254,10.18.1.1,10.18.1.2,480,,
10461614286,VLAN 807,807,10.5.151.253/24,10.5.151.254,10.18.1.1,10.18.1.2,480,,
6286914691,VLAN 808,808,10.5.152.253/24,10.5.152.254,10.18.1.1,10.18.1.2,480,,
9009241280,VLAN 809,809,10.5.153.253/24,10.5.153.254,10.18.1.1,10.18.1.2,480,,
12691738933,VLAN 810,810,10.5.154.253/24,10.5.154.254,10.18.1.1,10.18.1.2,480,,
9546127342,VLAN 811,811,10.5.155.253/24,10.5.155.254,10.18.1.1,10.18.1.2,480,,
7964894906,VLAN 812,812,10.5.156.253/24,10.5.156.254,10.18.1.1,10.18.1.2,480,,
7672085632,VLAN 813,813,10.5.157.253/24,10.5.157.254,10.18.1.1,10.18.1.2,480,,
4967175879,VLAN 814,814,10.5.158.253/24,10.5.158.254,10.18.1.1,10.18.1.2,480,,
10261310931,VLAN 815,815,10.5.159.253/24,10.5.159.254,10.18.1.1,10.18.1.2,480,,
4309480276,VLAN 816,816,10.5.160.253/24,10.5.160.254,10.18.1.1,10.18.1.2,480,,
6179619901,VLAN 817,817,10.5.161.253/24,10.5.161.254,10.18.1.1,10.18.1.2,480,,
6972948716,VLAN 818,818,10.5.162.253/24,10.5.162.254,10.18.1.1,10.18.1.2,480,,
6060119500,VLAN 819,819,10.5.163.253/24,10.5.163.254,10.18.1.1,10.18.1.2,480,,
7503370649,VLAN 820,820,10.5.164.253/24,10.5.164.254,10.18.1.1,10.18.1.2,480,,
8123927317,VLAN 821,821,10.5.165.253/24,10.5.165.254,10.18.1.1,10.18.1.2,480,,
9669359153,VLAN 822,822,10.5.166.253/24,10.5.166.254,10.18.1.1,10.18.1.2,480,,
6395155736,VLAN 823,823,10.5.167.253/24,10.5.167.254,10.18.1.1,10.18.1.2,480,,
9616689958,VLAN 824,824,10.5.168.253/24,10.5.168.254,10.18.1.1,10.18.1.2,480,,
9159037073,VLAN 825,825,10.5.169.253/24,10.5.169.254,10.18.1.1,10.18.1.2,480,,
6088870372,VLAN 826,826,10.5.170.253/24,10.5.170.254,10.18.1.1,10.18.1.2,480,,
3796480557,VLAN 827,827,10.5.171.253/24,10.5.171.254,10.18.1.1,10.18.1.2,480,,
13110717443,VLAN 828,828,10.5.172.253/24,10.5.172.254,10.18.1.1,10.18.1.2,480,,
8098414737,VLAN 829,829,10.5.173.253/24,10.5.173.254,10.18.1.1,10.18.1.2,480,,
5100872310,VLAN 830,830,10.5.174.253/24,10.5.174.254,10.18.1.1,10.18.1.2,480,,
8953746481,VLAN 831,831,10.5.175.253/24,10.5.175.254,10.18.1.1,10.18.1.2,480,,
7143373781,VLAN 832,832,10.5.176.253/24,10.5.176.254,10.18.1.1,10.18.1.2,480,,
8460908103,VLAN 833,833,10.5.177.253/24,10.5.177.254,10.18.1.1,10.18.1.2,480,,
8373156477,VLAN 834,834,10.5.178.253/24,10.5.178.254,10.18.1.1,10.18.1.2,480,,
5081209246,VLAN 835,835,10.5.179.253/24,10.5.179.254,10.18.1.1,10.18.1.2,480,,
7429408345,VLAN 836,836,10.5.180.253/24,10.5.180.254,10.18.1.1,10.18.1.2,480,,
10486652409,VLAN 837,837,10.5.181.253/24,10.5.181.254,10.18.1.1,10.18.1.2,480,,
5943810158,VLAN 838,838,10.5.182.253/24,10.5.182.254,10.18.1.1,10.18.1.2,480,,
9755815469,VLAN 839,839,10.5.183.253/24,10.5.183.254,10.18.1.1,10.18.1.2,480,,
3555483526,VLAN 840,840,10.5.184.253/24,10.5.184.254,10.18.1.1,10.18.1.2,480,,
8567727146,VLAN 841,841,10.5.185.253/24,10.5.185.254,10.18.1.1,10.18.1.2,480,,
7106521995,VLAN 842,842,10.5.186.253/24,10.5.186.254,10.18.1.1,10.18.1.2,480,,
9350316626,VLAN 843,843,10.5.187.253/24,10.5.187.254,10.18.1.1,10.18.1.2,480,,
7233157158,VLAN 844,844,10.5.188.253/24,10.5.188.254,10.18.1.1,10.18.1.2,480,,
7402212831,VLAN 845,845,10.5.189.253/24,10.5.189.254,10.18.1.1,10.18.1.2,480,,
11683193748,VLAN 846,846,10.5.190.253/24,10.5.190.254,10.18.1.1,10.18.1.2,480,,
8643103005,VLAN 847,847,10.5.191.253/24,10.5.191.254,10.18.1.1,10.18.1.2,480,,
4199668926,VLAN 848,848,10.5.192.253/24,10.5.192.254,10.18.1.1,10.18.1.2,480,,
7899717455,VLAN 849,849,10.5.193.253/24,10.5.193.254,10.18.1.1,10.18.1.2,480,,
3890954818,VLAN 850,850,10.5.194.253/24,10.5.194.254,10.18.1.1,10.18.1.2,480,,
6374562886,VLAN 851,851,10.5.195.253/24,10.5.195.254,10.18.1.1,10.18.1.2,480,,
6239923932,VLAN 852,852,10.5.196.253/24,10.5.196.254,10.18.1.1,10.18.1.2,480,,
5034219808,VLAN 853,853,10.5.197.253/24,10.5.197.254,10.18.1.1,10.18.1.2,480,,
4914140361,VLAN 854,854,10.5.198.253/24,10.5.198.254,10.18.1.1,10.18.1.2,480,,
7309234746,VLAN 855,855,10.5.199.253/24,10.5.199.254,10.18.1.1,10.18.1.2,480,,
10095129181,VLAN 856,856,10.5.200.253/24,10.5.200.254,10.18.1.1,10.18.1.2,480,,
1809666384,VLAN 857,857,10.5.201.253/24,10.5.201.254,10.18.1.1,10.18.1.2,480,,
9205320525,VLAN 858,858,10.5.202.253/24,10.5.202.254,10.18.1.1,10.18.1.2,480,,
4226459322,VLAN 859,859,10.5.203.253/24,10.5.203.254,10.18.1.1,10.18.1.2,480,,
5596365554,VLAN 860,860,10.5.204.253/24,10.5.204.254,10.18.1.1,10.18.1.2,480,,
8916165108,VLAN 861,861,10.5.205.253/24,10.5.205.254,10.18.1.1,10.18.1.2,480,,
14008280664,VLAN 862,862,10.5.206.253/24,10.5.206.254,10.18.1.1,10.18.1.2,480,,
10860289764,VLAN 863,863,10.5.207.253/24,10.5.207.254,10.18.1.1,10.18.1.2,480,,
6854350355,VLAN 864,864,10.5.208.253/24,10.5.208.254,10.18.1.1,10.18.1.2,480,,
9575492601,VLAN 865,865,10.5.209.253/24,10.5.209.254,10.18.1.1,10.18.1.2,480,,
8838903338,VLAN 866,866,10.5.210.253/24,10.5.210.254,10.18.1.1,10.18.1.2,480,,
7829228283,VLAN 867,867,10.5.211.253/24,10.5.211.254,10.18.1.1,10.18.1.2,480,,
12269477167,VLAN 868,868,10.5.212.253/24,10.5.212.254,10.18.1.1,10.18.1.2,480,,
8403671771,VLAN 869,869,10.5.213.253/24,10.5.213.254,10.18.1.1,10.18.1.2,480,,
8698399287,VLAN 870,870,10.5.214.253/24,10.5.214.254,10.18.1.1,10.18.1.2,480,,
3408951334,VLAN 871,871,10.5.215.253/24,10.5.215.254,10.18.1.1,10.18.1.2,480,,
11443281564,VLAN 872,872,10.5.216.253/24,10.5.216.254,10.18.1.1,10.18.1.2,480,,
4635274208,VLAN 873,873,10.5.217.253/24,10.5.217.254,10.18.1.1,10.18.1.2,480,,
10424101595,VLAN 874,874,10.5.218.253/24,10.5.218.254,10.18.1.1,10.18.1.2,480,,
5428905451,VLAN 875,875,10.5.219.253/24,10.5.219.254,10.18.1.1,10.18.1.2,480,,
10466149276,VLAN 876,876,10.5.220.253/24,10.5.220.254,10.18.1.1,10.18.1.2,480,,
7951938328,VLAN 877,877,10.5.221.253/24,10.5.221.254,10.18.1.1,10.18.1.2,480,,
12501740140,VLAN 878,878,10.5.222.253/24,10.5.222.254,10.18.1.1,10.18.1.2,480,,
9448469380,VLAN 879,879,10.5.223.253/24,10.5.223.254,10.18.1.1,10.18.1.2,480,,
8385648533,VLAN 880,880,10.5.224.253/24,10.5.224.254,10.18.1.1,10.18.1.2,480,,
11119272277,VLAN 881,881,10.5.225.253/24,10.5.225.254,10.18.1.1,10.18.1.2,480,,
10402780659,VLAN 882,882,10.5.226.253/24,10.5.226.254,10.18.1.1,10.18.1.2,480,,
11834214668,VLAN 883,883,10.5.227.253/24,10.5.227.254,10.18.1.1,10.18.1.2,480,,
6231318459,VLAN 884,884,10.5.228.253/24,10.5.228.254,10.18.1.1,10.18.1.2,480,,
6592056530,VLAN 885,885,10.5.229.253/24,10.5.229.254,10.18.1.1,10.18.1.2,480,,
10347192245,VLAN 886,886,10.5.230.253/24,10.5.230.254,10.18.1.1,10.18.1.2,480,,
6336311157,VLAN 887,887,10.5.231.253/24,10.5.231.254,10.18.1.1,10.18.1.2,480,,
9257318474,VLAN 888,888,10.5.232.253/24,10.5.232.254,10.18.1.1,10.18.1.2,480,,
2657975161,VLAN 889,889,10.5.233.253/24,10.5.233.254,10.18.1.1,10.18.1.2,480,,
10505464833,VLAN 890,890,10.5.234.253/24,10.5.234.254,10.18.1.1,10.18.1.2,480,,
8467827985,VLAN 891,891,10.5.235.253/24,10.5.235.254,10.18.1.1,10.18.1.2,480,,
12048925348,VLAN 892,892,10.5.236.253/24,10.5.236.254,10.18.1.1,10.18.1.2,480,,
8863302098,VLAN 893,893,10.5.237.253/24,10.5.237.254,10.18.1.1,10.18.1.2,480,,
8216482015,VLAN 894,894,10.5.238.253/24,10.5.238.254,10.18.1.1,10.18.1.2,480,,
7751835492,VLAN 895,895,10.5.239.253/24,10.5.239.254,10.18.1.1,10.18.1.2,480,,
10495806967,VLAN 896,896,10.5.240.253/24,10.5.240.254,10.18.1.1,10.18.1.2,480,,
6920870978,VLAN 897,897,10.5.241.253/24,10.5.241.254,10.18.1.1,10.18.1.2,480,,
7994939415,VLAN 898,898,10.5.242.253/24,10.5.242.254,10.18.1.1,10.18.1.2,480,,
7182217621,VLAN 899,899,10.5.243.253/24,10.5.243.254,10.18.1.1,10.18.1.2,480,,
11548282518,VLAN 900,900,10.5.244.253/24,10.5.244.254,10.18.1.1,10.18.1.2,480,,
5857966172,VLAN 901,901,10.5.245.253/24,10.5.245.254,10.18.1.1,10.18.1.2,480,,
12188821802,VLAN 902,902,10.5.246.253/24,10.5.246.254,10.18.1.1,10.18.1.2,480,,
9078230797,VLAN 903,903,10.5.247.253/24,10.5.247.254,10.18.1.1,10.18.1.2,480,,
12347645332,VLAN 904,904,10.5.248.253/24,10.5.248.254,10.18.1.1,10.18.1.2,480,,
9275530383,VLAN 905,905,10.5.249.253/24,10.5.249.254,10.18.1.1,10.18.1.2,480,,
6267837442,VLAN 906,906,10.5.250.253/24,10.5.250.254,10.18.1.1,10.18.1.2,480,,
11051642006,VLAN 907,907,10.5.251.253/24,10.5.251.254,10.18.1.1,10.18.1.2,480,,
9910189184,VLAN 908,908,10.5.252.253/24,10.5.252.254,10.18.1.1,10.18.1.2,480,,
5971506142,VLAN 909,909,10.5.253.253/24,10.5.253.254,10.18.1.1,10.18.1.2,480,,
8485881068,VLAN 910,910,10.5.254.253/24,10.5.254.254,10.18.1.1,10.18.1.2,480,,
10088350844,VLAN 911,911,10.5.255.253/24,10.5.255.254,10.18.1.1,10.18.1.2,480,,
8914504782,VLAN 912,912,10.6.0.253/24,10.6.0.254,10.18.1.1,10.18.1.2,480,,
9408456353,VLAN 913,913,10.6.1.253/24,10.6.1.254,10.18.1.1,10.18.1.2,480,,
7140030629,VLAN 914,914,10.6.2.253/24,10.6.2.254,10.18.1.1,10.18.1.2,480,,
7177646935,VLAN 915,915,10.6.3.253/24,10.6.3.254,10.18.1.1,10.18.1.2,480,,
6926505349,VLAN 916,916,10.6.4.253/24,10.6.4.254,10.18.1.1,10.18.1.2,480,,
9598997482,VLAN 917,917,10.6.5.253/24,10.6.5.254,10.18.1.1,10.18.1.2,480,,
15486614430,VLAN 918,918,10.6.6.253/24,10.6.6.254,10.18.1.1,10.18.1.2,480,,
11349561134,VLAN 919,919,10.6.7.253/24,10.6.7.254,10.18.1.1,10.18.1.2,480,,
6162515800,VLAN 920,920,10.6.8.253/24,10.6.8.254,10.18.1.1,10.18.1.2,480,,
1981016654,VLAN 921,921,10.6.9.253/24,10.6.9.254,10.18.1.1,10.18.1.2,480,,
12951108716,VLAN 922,922,10.6.10.253/24,10.6.10.254,10.18.1.1,10.18.1.2,480,,
8026316807,VLAN 923,923,10.6.11.253/24,10.6.11.254,10.18.1.1,10.18.1.2,480,,
8713835764,VLAN 924,924,10.6.12.253/24,10.6.12.254,10.18.1.1,10.18.1.2,480,,
14486186797,VLAN 925,925,10.6.13.253/24,10.6.13.254,10.18.1.1,10.18.1.2,480,,
10405611210,VLAN 926,926,10.6.14.253/24,10.6.14.254,10.18.1.1,10.18.1.2,480,,
9484466745,VLAN 927,927,10.6.15.253/24,10.6.15.254,10.18.1.1,10.18.1.2,480,,
8159632128,VLAN 928,928,10.6.16.253/24,10.6.16.254,10.18.1.1,10.18.1.2,480,,
8576468025,VLAN 929,929,10.6.17.253/24,10.6.17.254,10.18.1.1,10.18.1.2,480,,
8502677654,VLAN 930,930,10.6.18.253/24,10.6.18.254,10.18.1.1,10.18.1.2,480,,
10563305151,VLAN 931,931,10.6.19.253/24,10.6.19.254,10.18.1.1,10.18.1.2,480,,
9985087504,VLAN 932,932,10.6.20.253/24,10.6.20.254,10.18.1.1,10.18.1.2,480,,
9081223017,VLAN 933,933,10.6.21.253/24,10.6.21.254,10.18.1.1,10.18.1.2,480,,
12707382750,VLAN 934,934,10.6.22.253/24,10.6.22.254,10.18.1.1,10.18.1.2,480,,
10992052190,VLAN 935,935,10.6.23.253/24,10.6.23.254,10.18.1.1,10.18.1.2,480,,
3817990620,VLAN 936,936,10.6.24.253/24,10.6.24.254,10.18.1.1,10.18.1.2,480,,
4556005722,VLAN 937,937,10.6.25.253/24,10.6.25.254,10.18.1.1,10.18.1.2,480,,
6611683491,VLAN 938,938,10.6.26.253/24,10.6.26.254,10.18.1.1,10.18.1.2,480,,
11148022847,VLAN 939,939,10.6.27.253/24,10.6.27.254,10.18.1.1,10.18.1.2,480,,
6888011623,VLAN 940,940,10.6.28.253/24,10.6.28.254,10.18.1.1,10.18.1.2,480,,
7863705936,VLAN 941,941,10.6.29.253/24,10.6.29.254,10.18.1.1,10.18.1.2,480,,
8550780875,VLAN 942,942,10.6.30.253/24,10.6.30.254,10.18.1.1,10.18.1.2,480,,
3803166805,VLAN 943,943,10.6.31.253/24,10.6.31.254,10.18.1.1,10.18.1.2,480,,
11122212824,VLAN 944,944,10.6.32.253/24,10.6.32.254,10.18.1.1,10.18.1.2,480,,
10214819646,VLAN 945,945,10.6.33.253/24,10.6.33.254,10.18.1.1,10.18.1.2,480,,
8816229822,VLAN 946,946,10.6.34.253/24,10.6.34.254,10.18.1.1,10.18.1.2,480,,
5888138031,VLAN 947,947,10.6.35.253/24,10.6.35.254,10.18.1.1,10.18.1.2,480,,
5167768033,VLAN 948,948,10.6.36.253/24,10.6.36.254,10.18.1.1,10.18.1.2,480,,
8394810532,VLAN 949,949,10.6.37.253/24,10.6.37.254,10.18.1.1,10.18.1.2,480,,
7638455847,VLAN 950,950,10.6.38.253/24,10.6.38.254,10.18.1.1,10.18.1.2,480,,
12407186181,VLAN 951,951,10.6.39.253/24,10.6.39.254,10.18.1.1,10.18.1.2,480,,
6289500593,VLAN 952,952,10.6.40.253/24,10.6.40.254,10.18.1.1,10.18.1.2,480,,
8829877583,VLAN 953,953,10.6.41.253/24,10.6.41.254,10.18.1.1,10.18.1.2,480,,
6899630668,VLAN 954,954,10.6.42.253/24,10.6.42.254,10.18.1.1,10.18.1.2,480,,
14985360813,VLAN 955,955,10.6.43.253/24,10.6.43.254,10.18.1.1,10.18.1.2,480,,
5009423704,VLAN 956,956,10.6.44.253/24,10.6.44.254,10.18.1.1,10.18.1.2,480,,
10795074150,VLAN 957,957,10.6.45.253/24,10.6.45.254,10.18.1.1,10.18.1.2,480,,
6459302835,VLAN 958,958,10.6.46.253/24,10.6.46.254,10.18.1.1,10.18.1.2,480,,
5435969026,VLAN 959,959,10.6.47.253/24,10.6.47.254,10.18.1.1,10.18.1.2,480,,
4385443629,VLAN 960,960,10.6.48.253/24,10.6.48.254,10.18.1.1,10.18.1.2,480,,
8291973258,VLAN 961,961,10.6.49.253/24,10.6.49.254,10.18.1.1,10.18.1.2,480,,
5684478705,VLAN 962,962,10.6.50.253/24,10.6.50.254,10.18.1.1,10.18.1.2,480,,
5757002057,VLAN 963,963,10.6.51.253/24,10.6.51.254,10.18.1.1,10.18.1.2,480,,
7832314417,VLAN 964,964,10.6.52.253/24,10.6.52.254,10.18.1.1,10.18.1.2,480,,
10008024999,VLAN 965,965,10.6.53.253/24,10.6.53.254,10.18.1.1,10.18.1.2,480,,
9470613627,VLAN 966,966,10.6.54.253/24,10.6.54.254,10.18.1.1,10.18.1.2,480,,
14563014595,VLAN 967,967,10.6.55.253/24,10.6.55.254,10.18.1.1,10.18.1.2,480,,
10821165737,VLAN 968,968,10.6.56.253/24,10.6.56.254,10.18.1.1,10.18.1.2,480,,
8249578673,VLAN 969,969,10.6.57.253/24,10.6.57.254,10.18.1.1,10.18.1.2,480,,
9417874729,VLAN 970,970,10.6.58.253/24,10.6.58.254,10.18.1.1,10.18.1.2,480,,
8060538738,VLAN 971,971,10.6.59.253/24,10.6.59.254,10.18.1.1,10.18.1.2,480,,
11018409457,VLAN 972,972,10.6.60.253/24,10.6.60.254,10.18.1.1,10.18.1.2,480,,
12614190114,VLAN 973,973,10.6.61.253/24,10.6.61.254,10.18.1.1,10.18.1.2,480,,
11574794160,VLAN 974,974,10.6.62.253/24,10.6.62.254,10.18.1.1,10.18.1.2,480,,
7440059231,VLAN 975,975,10.6.63.253/24,10.6.63.254,10.18.1.1,10.18.1.2,480,,
10774804963,VLAN 976,976,10.6.64.253/24,10.6.64.254,10.18.1.1,10.18.1.2,480,,
13630999975,VLAN 977,977,10.6.65.253/24,10.6.65.254,10.18.1.1,10.18.1.2,480,,
6860188012,VLAN 978,978,10.6.66.253/24,10.6.66.254,10.18.1.1,10.18.1.2,480,,
12131252697,VLAN 979,979,10.6.67.253/24,10.6.67.254,10.18.1.1,10.18.1.2,480,,
10734638133,VLAN 980,980,10.6.68.253/24,10.6.68.254,10.18.1.1,10.18.1.2,480,,
8780098270,VLAN 981,981,10.6.69.253/24,10.6.69.254,10.18.1.1,10.18.1.2,480,,
9833666991,VLAN 982,982,10.6.70.253/24,10.6.70.254,10.18.1.1,10.18.1.2,480,,
8311292119,VLAN 983,983,10.6.71.253/24,10.6.71.254,10.18.1.1,10.18.1.2,480,,
10311352967,VLAN 984,984,10.6.72.253/24,10.6.72.254,10.18.1.1,10.18.1.2,480,,
2922216389,VLAN 985,985,10.6.73.253/24,10.6.73.254,10.18.1.1,10.18.1.2,480,,
8756843515,VLAN 986,986,10.6.74.253/24,10.6.74.254,10.18.1.1,10.18.1.2,480,,
10277106233,VLAN 987,987,10.6.75.253/24,10.6.75.254,10.18.1.1,10.18.1.2,480,,
9717494853,VLAN 988,988,10.6.76.253/24,10.6.76.254,10.18.1.1,10.18.1.2,480,,
12390397220,VLAN 989,989,10.6.77.253/24,10.6.77.254,10.18.1.1,10.18.1.2,480,,
10866995356,VLAN 990,990,10.6.78.253/24,10.6.78.254,10.18.1.1,10.18.1.2,480,,
14423619999,VLAN 991,991,10.6.79.253/24,10.6.79.254,10.18.1.1,10.18.1.2,480,,
12654083547,VLAN 992,992,10.6.80.253/24,10.6.80.254,10.18.1.1,10.18.1.2,480,,
12131845782,VLAN 993,993,10.6.81.253/24,10.6.81.254,10.18.1.1,10.18.1.2,480,,
8579102151,VLAN 994,994,10.6.82.253/24,10.6.82.254,10.18.1.1,10.18.1.2,480,,
8352949598,VLAN 995,995,10.6.83.253/24,10.6.83.254,10.18.1.1,10.18.1.2,480,,
7074743931,VLAN 996,996,10.6.84.253/24,10.6.84.254,10.18.1.1,10.18.1.2,480,,
8334834137,VLAN 997,997,10.6.85.253/24,10.6.85.254,10.18.1.1,10.18.1.2,480,,
9343303099,VLAN 998,998,10.6.86.253/24,10.6.86.254,10.18.1.1,10.18.1.2,480,,
8703063331,VLAN 999,999,10.6.87.253/24,10.6.87.254,10.18.1.1,10.18.1.2,480,,
3986958719,VLAN 1000,1000,10.6.88.253/24,10.6.88.254,10.18.1.1,10.18.1.2,480,,
7598932558,VLAN 1001,1001,10.6.89.253/24,10.6.89.254,10.18.1.1,10.18.1.2,480,,
7191658442,VLAN 1002,1002,10.6.90.253/24,10.6.90.254,10.18.1.1,10.18.1.2,480,,
5384482603,VLAN 1003,1003,10.6.91.253/24,10.6.91.254,10.18.1.1,10.18.1.2,480,,
9169408097,VLAN 1004,1004,10.6.92.253/24,10.6.92.254,10.18.1.1,10.18.1.2,480,,
7276457353,VLAN 1005,1005,10.6.93.253/24,10.6.93.254,10.18.1.1,10.18.1.2,480,,
4646218752,VLAN 1006,1006,10.6.94.253/24,10.6.94.254,10.18.1.1,10.18.1.2,480,,
7677269362,VLAN 1007,1007,10.6.95.253/24,10.6.95.254,10.18.1.1,10.18.1.2,480,,
10979824556,VLAN 1008,1008,10.6.96.253/24,10.6.96.254,10.18.1.1,10.18.1.2,480,,
11071233169,VLAN 1009,1009,10.6.97.253/24,10.6.97.254,10.18.1.1,10.18.1.2,480,,
6095967581,VLAN 1010,1010,10.6.98.253/24,10.6.98.254,10.18.1.1,10.18.1.2,480,,
11355225737,VLAN 1011,1011,10.6.99.253/24,10.6.99.254,10.18.1.1,10.18.1.2,480,,
12333026506,VLAN 1012,1012,10.6.100.253/24,10.6.100.254,10.18.1.1,10.18.1.2,480,,
12209324075,VLAN 1013,1013,10.6.101.253/24,10.6.101.254,10.18.1.1,10.18.1.2,480,,
9449107493,VLAN 1014,1014,10.6.102.253/24,10.6.102.254,10.18.1.1,10.18.1.2,480,,
10038537883,VLAN 1015,1015,10.6.103.253/24,10.6.103.254,10.18.1.1,10.18.1.2,480,,
9077834412,VLAN 1016,1016,10.6.104.253/24,10.6.104.254,10.18.1.1,10.18.1.2,480,,
8289824966,VLAN 1017,1017,10.6.105.253/24,10.6.105.254,10.18.1.1,10.18.1.2,480,,
10470437429,VLAN 1018,1018,10.6.106.253/24,10.6.106.254,10.18.1.1,10.18.1.2,480,,
9622390938,VLAN 1019,1019,10.6.107.253/24,10.6.107.254,10.18.1.1,10.18.1.2,480,,
8828667996,VLAN 1020,1020,10.6.108.253/24,10.6.108.254,10.18.1.1,10.18.1.2,480,,
10546260216,VLAN 1021,1021,10.6.109.253/24,10.6.109.254,10.18.1.1,10.18.1.2,480,,
5015935315,VLAN 1022,1022,10.6.110.253/24,10.6.110.254,10.18.1.1,10.18.1.2,480,,
9759148688,VLAN 1023,1023,10.6.111.253/24,10.6.111.254,10.18.1.1,10.18.1.2,480,,
12682833202,VLAN 1024,1024,10.6.112.253/24,10.6.112.254,10.18.1.1,10.18.1.2,480,,
10115607765,VLAN 1025,1025,10.6.113.253/24,10.6.113.254,10.18.1.1,10.18.1.2,480,,
6497109884,VLAN 1026,1026,10.6.114.253/24,10.6.114.254,10.18.1.1,10.18.1.2,480,,
4512893504,VLAN 1027,1027,10.6.115.253/24,10.6.115.254,10.18.1.1,10.18.1.2,480,,
6033028274,VLAN 1028,1028,10.6.116.253/24,10.6.116.254,10.18.1.1,10.18.1.2,480,,
6362827377,VLAN 1029,1029,10.6.117.253/24,10.6.117.254,10.18.1.1,10.18.1.2,480,,
10999107885,VLAN 1030,1030,10.6.118.253/24,10.6.118.254,10.18.1.1,10.18.1.2,480,,
12161217035,VLAN 1031,1031,10.6.119.253/24,10.6.119.254,10.18.1.1,10.18.1.2,480,,
10845653831,VLAN 1032,1032,10.6.120.253/24,10.6.120.254,10.18.1.1,10.18.1.2,480,,
12685969929,VLAN 1033,1033,10.6.121.253/24,10.6.121.254,10.18.1.1,10.18.1.2,480,,
7111138806,VLAN 1034,1034,10.6.122.253/24,10.6.122.254,10.18.1.1,10.18.1.2,480,,
10694469388,VLAN 1035,1035,10.6.123.253/24,10.6.123.254,10.18.1.1,10.18.1.2,480,,
9097951985,VLAN 1036,1036,10.6.124.253/24,10.6.124.254,10.18.1.1,10.18.1.2,480,,
6146379070,VLAN 1037,1037,10.6.125.253/24,10.6.125.254,10.18.1.1,10.18.1.2,480,,
10856820366,VLAN 1038,1038,10.6.126.253/24,10.6.126.254,10.18.1.1,10.18.1.2,480,,
7458737332,VLAN 1039,1039,10.6.127.253/24,10.6.127.254,10.18.1.1,10.18.1.2,480,,
13536675358,VLAN 1040,1040,10.6.128.253/24,10.6.128.254,10.18.1.1,10.18.1.2,480,,
5645120185,VLAN 1041,1041,10.6.129.253/24,10.6.129.254,10.18.1.1,10.18.1.2,480,,
7669853779,VLAN 1042,1042,10.6.130.253/24,10.6.130.254,10.18.1.1,10.18.1.2,480,,
2984683530,VLAN 1043,1043,10.6.131.253/24,10.6.131.254,10.18.1.1,10.18.1.2,480,,
10146786477,VLAN 1044,1044,10.6.132.253/24,10.6.132.254,10.18.1.1,10.18.1.2,480,,
9451297681,VLAN 1045,1045,10.6.133.253/24,10.6.133.254,10.18.1.1,10.18.1.2,480,,
14707683540,VLAN 1046,1046,10.6.134.253/24,10.6.134.254,10.18.1.1,10.18.1.2,480,,
6221120719,VLAN 1047,1047,10.6.135.253/24,10.6.135.254,10.18.1.1,10.18.1.2,480,,
7463465202,VLAN 1048,1048,10.6.136.253/24,10.6.136.254,10.18.1.1,10.18.1.2,480,,
6367555483,VLAN 1049,1049,10.6.137.253/24,10.6.137.254,10.18.1.1,10.18.1.2,480,,
8191246464,VLAN 1050,1050,10.6.138.253/24,10.6.138.254,10.18.1.1,10.18.1.2,480,,
8513290260,VLAN 1051,1051,10.6.139.253/24,10.6.139.254,10.18.1.1,10.18.1.2,480,,
10902154616,VLAN 1052,1052,10.6.140.253/24,10.6.140.254,10.18.1.1,10.18.1.2,480,,
9285605002,VLAN 1053,1053,10.6.141.253/24,10.6.141.254,10.18.1.1,10.18.1.2,480,,
8999423293,VLAN 1054,1054,10.6.142.253/24,10.6.142.254,10.18.1.1,10.18.1.2,480,,
7818702643,VLAN 1055,1055,10.6.143.253/24,10.6.143.254,10.18.1.1,10.18.1.2,480,,
12921626549,VLAN 1056,1056,10.6.144.253/24,10.6.144.254,10.18.1.1,10.18.1.2,480,,
7975240860,VLAN 1057,1057,10.6.145.253/24,10.6.145.254,10.18.1.1,10.18.1.2,480,,
5381871180,VLAN 1058,1058,10.6.146.253/24,10.6.146.254,10.18.1.1,10.18.1.2,480,,
8536586887,VLAN 1059,1059,10.6.147.253/24,10.6.147.254,10.18.1.1,10.18.1.2,480,,
4148840509,VLAN 1060,1060,10.6.148.253/24,10.6.148.254,10.18.1.1,10.18.1.2,480,,
4613184615,VLAN 1061,1061,10.6.149.253/24,10.6.149.254,10.18.1.1,10.18.1.2,480,,
4175253030,VLAN 1062,1062,10.6.150.253/24,10.6.150.254,10.18.1.1,10.18.1.2,480,,
8368543056,VLAN 1063,1063,10.6.151.253/24,10.6.151.254,10.18.1.1,10.18.1.2,480,,
11944798192,VLAN 1064,1064,10.6.152.253/24,10.6.152.254,10.18.1.1,10.18.1.2,480,,
13605558956,VLAN 1065,1065,10.6.153.253/24,10.6.153.254,10.18.1.1,10.18.1.2,480,,
9127427111,VLAN 1066,1066,10.6.154.253/24,10.6.154.254,10.18.1.1,10.18.1.2,480,,
10174477330,VLAN 1067,1067,10.6.155.253/24,10.6.155.254,10.18.1.1,10.18.1.2,480,,
6361157975,VLAN 1068,1068,10.6.156.253/24,10.6.156.254,10.18.1.1,10.18.1.2,480,,
8164259194,VLAN 1069,1069,10.6.157.253/24,10.6.157.254,10.18.1.1,10.18.1.2,480,,
6247749178,VLAN 1070,1070,10.6.158.253/24,10.6.158.254,10.18.1.1,10.18.1.2,480,,
13727950423,VLAN 1071,1071,10.6.159.253/24,10.6.159.254,10.18.1.1,10.18.1.2,480,,
9519463514,VLAN 1072,1072,10.6.160.253/24,10.6.160.254,10.18.1.1,10.18.1.2,480,,
11075765238,VLAN 1073,1073,10.6.161.253/24,10.6.161.254,10.18.1.1,10.18.1.2,480,,
5302675539,VLAN 1074,1074,10.6.162.253/24,10.6.162.254,10.18.1.1,10.18.1.2,480,,
10985842917,VLAN 1075,1075,10.6.163.253/24,10.6.163.254,10.18.1.1,10.18.1.2,480,,
9901073855,VLAN 1076,1076,10.6.164.253/24,10.6.164.254,10.18.1.1,10.18.1.2,480,,
11177737181,VLAN 1077,1077,10.6.165.253/24,10.6.165.254,10.18.1.1,10.18.1.2,480,,
7823021508,VLAN 1078,1078,10.6.166.253/24,10.6.166.254,10.18.1.1,10.18.1.2,480,,
8069175498,VLAN 1079,1079,10.6.167.253/24,10.6.167.254,10.18.1.1,10.18.1.2,480,,
7883767681,VLAN 1080,1080,10.6.168.253/24,10.6.168.254,10.18.1.1,10.18.1.2,480,,
6277791748,VLAN 1081,1081,10.6.169.253/24,10.6.169.254,10.18.1.1,10.18.1.2,480,,
9647369780,VLAN 1082,1082,10.6.170.253/24,10.6.170.254,10.18.1.1,10.18.1.2,480,,
5959636607,VLAN 1083,1083,10.6.171.253/24,10.6.171.254,10.18.1.1,10.18.1.2,480,,
7457241226,VLAN 1084,1084,10.6.172.253/24,10.6.172.254,10.18.1.1,10.18.1.2,480,,
12313114856,VLAN 1085,1085,10.6.173.253/24,10.6.173.254,10.18.1.1,10.18.1.2,480,,
4720016401,VLAN 1086,1086,10.6.174.253/24,10.6.174.254,10.18.1.1,10.18.1.2,480,,
10739773028,VLAN 1087,1087,10.6.175.253/24,10.6.175.254,10.18.1.1,10.18.1.2,480,,
8671602626,VLAN 1088,1088,10.6.176.253/24,10.6.176.254,10.18.1.1,10.18.1.2,480,,
11256712204,VLAN 1089,1089,10.6.177.253/24,10.6.177.254,10.18.1.1,10.18.1.2,480,,
9572735149,VLAN 1090,1090,10.6.178.253/24,10.6.178.254,10.18.1.1,10.18.1.2,480,,
13969710351,VLAN 1091,1091,10.6.179.253/24,10.6.179.254,10.18.1.1,10.18.1.2,480,,
2853157645,VLAN 1092,1092,10.6.180.253/24,10.6.180.254,10.18.1.1,10.18.1.2,480,,
6229800145,VLAN 1093,1093,10.6.181.253/24,10.6.181.254,10.18.1.1,10.18.1.2,480,,
5667840028,VLAN 1094,1094,10.6.182.253/24,10.6.182.254,10.18.1.1,10.18.1.2,480,,
9994437621,VLAN 1095,1095,10.6.183.253/24,10.6.183.254,10.18.1.1,10.18.1.2,480,,
12207372542,VLAN 1096,1096,10.6.184.253/24,10.6.184.254,10.18.1.1,10.18.1.2,480,,
9036881233,VLAN 1097,1097,10.6.185.253/24,10.6.185.254,10.18.1.1,10.18.1.2,480,,
5249888544,VLAN 1098,1098,10.6.186.253/24,10.6.186.254,10.18.1.1,10.18.1.2,480,,
9676674306,VLAN 1099,1099,10.6.187.253/24,10.6.187.254,10.18.1.1,10.18.1.2,480,,
12286092462,VLAN 1100,1100,10.6.188.253/24,10.6.188.254,10.18.1.1,10.18.1.2,480,,
4783655791,VLAN 1101,1101,10.6.189.253/24,10.6.189.254,10.18.1.1,10.18.1.2,480,,
9727749967,VLAN 1102,1102,10.6.190.253/24,10.6.190.254,10.18.1.1,10.18.1.2,480,,
10730730732,VLAN 1103,1103,10.6.191.253/24,10.6.191.254,10.18.1.1,10.18.1.2,480,,
10985878802,VLAN 1104,1104,10.6.192.253/24,10.6.192.254,10.18.1.1,10.18.1.2,480,,
12623108280,VLAN 1105,1105,10.6.193.253/24,10.6.193.254,10.18.1.1,10.18.1.2,480,,
6241535780,VLAN 1106,1106,10.6.194.253/24,10.6.194.254,10.18.1.1,10.18.1.2,480,,
7001078237,VLAN 1107,1107,10.6.195.253/24,10.6.195.254,10.18.1.1,10.18.1.2,480,,
6943921235,VLAN 1108,1108,10.6.196.253/24,10.6.196.254,10.18.1.1,10.18.1.2,480,,
8810471325,VLAN 1109,1109,10.6.197.253/24,10.6.197.254,10.18.1.1,10.18.1.2,480,,
2190278280,VLAN 1110,1110,10.6.198.253/24,10.6.198.254,10.18.1.1,10.18.1.2,480,,
8024911978,VLAN 1111,1111,10.6.199.253/24,10.6.199.254,10.18.1.1,10.18.1.2,480,,
9963913145,VLAN 1112,1112,10.6.200.253/24,10.6.200.254,10.18.1.1,10.18.1.2,480,,
10033653564,VLAN 1113,1113,10.6.201.253/24,10.6.201.254,10.18.1.1,10.18.1.2,480,,
6892833953,VLAN 1114,1114,10.6.202.253/24,10.6.202.254,10.18.1.1,10.18.1.2,480,,
9479896728,VLAN 1115,1115,10.6.203.253/24,10.6.203.254,10.18.1.1,10.18.1.2,480,,
5316511678,VLAN 1116,1116,10.6.204.253/24,10.6.204.254,10.18.1.1,10.18.1.2,480,,
13983319441,VLAN 1117,1117,10.6.205.253/24,10.6.205.254,10.18.1.1,10.18.1.2,480,,
11095625553,VLAN 1118,1118,10.6.206.253/24,10.6.206.254,10.18.1.1,10.18.1.2,480,,
9522273455,VLAN 1119,1119,10.6.207.253/24,10.6.207.254,10.18.1.1,10.18.1.2,480,,
11107381434,VLAN 1120,1120,10.6.208.253/24,10.6.208.254,10.18.1.1,10.18.1.2,480,,
8207362500,VLAN 1121,1121,10.6.209.253/24,10.6.209.254,10.18.1.1,10.18.1.2,480,,
11592073323,VLAN 1122,1122,10.6.210.253/24,10.6.210.254,10.18.1.1,10.18.1.2,480,,
8383576505,VLAN 1123,1123,10.6.211.253/24,10.6.211.254,10.18.1.1,10.18.1.2,480,,
8944262163,VLAN 1124,1124,10.6.212.253/24,10.6.212.254,10.18.1.1,10.18.1.2,480,,
11373867904,VLAN 1125,1125,10.6.213.253/24,10.6.213.254,10.18.1.1,10.18.1.2,480,,
11677744058,VLAN 1126,1126,10.6.214.253/24,10.6.214.254,10.18.1.1,10.18.1.2,480,,
4237015004,VLAN 1127,1127,10.6.215.253/24,10.6.215.254,10.18.1.1,10.18.1.2,480,,
7170324604,VLAN 1128,1128,10.6.216.253/24,10.6.216.254,10.18.1.1,10.18.1.2,480,,
9461749903,VLAN 1129,1129,10.6.217.253/24,10.6.217.254,10.18.1.1,10.18.1.2,480,,
10258097052,VLAN 1130,1130,10.6.218.253/24,10.6.218.254,10.18.1.1,10.18.1.2,480,,
9572398931,VLAN 1131,1131,10.6.219.253/24,10.6.219.254,10.18.1.1,10.18.1.2,480,,
8363902808,VLAN 1132,1132,10.6.220.253/24,10.6.220.254,10.18.1.1,10.18.1.2,480,,
11991322212,VLAN 1133,1133,10.6.221.253/24,10.6.221.254,10.18.1.1,10.18.1.2,480,,
9725156307,VLAN 1134,1134,10.6.222.253/24,10.6.222.254,10.18.1.1,10.18.1.2,480,,
10607611254,VLAN 1135,1135,10.6.223.253/24,10.6.223.254,10.18.1.1,10.18.1.2,480,,
9076951131,VLAN 1136,1136,10.6.224.253/24,10.6.224.254,10.18.1.1,10.18.1.2,480,,
4888530124,VLAN 1137,1137,10.6.225.253/24,10.6.225.254,10.18.1.1,10.18.1.2,480,,
13335700794,VLAN 1138,1138,10.6.226.253/24,10.6.226.254,10.18.1.1,10.18.1.2,480,,
4778967159,VLAN 1139,1139,10.6.227.253/24,10.6.227.254,10.18.1.1,10.18.1.2,480,,
10975374012,VLAN 1140,1140,10.6.228.253/24,10.6.228.254,10.18.1.1,10.18.1.2,480,,
12573475231,VLAN 1141,1141,10.6.229.253/24,10.6.229.254,10.18.1.1,10.18.1.2,480,,
13154846845,VLAN 1142,1142,10.6.230.253/24,10.6.230.254,10.18.1.1,10.18.1.2,480,,
6508369265,VLAN 1143,1143,10.6.231.253/24,10.6.231.254,10.18.1.1,10.18.1.2,480,,
6116108533,VLAN 1144,1144,10.6.232.253/24,10.6.232.254,10.18.1.1,10.18.1.2,480,,
7131460430,VLAN 1145,1145,10.6.233.253/24,10.6.233.254,10.18.1.1,10.18.1.2,480,,
4836197435,VLAN 1146,1146,10.6.234.253/24,10.6.234.254,10.18.1.1,10.18.1.2,480,,
2730712913,VLAN 1147,1147,10.6.235.253/24,10.6.235.254,10.18.1.1,10.18.1.2,480,,
12348449569,VLAN 1148,1148,10.6.236.253/24,10.6.236.254,10.18.1.1,10.18.1.2,480,,
10218022781,VLAN 1149,1149,10.6.237.253/24,10.6.237.254,10.18.1.1,10.18.1.2,480,,
6673026678,VLAN 1150,1150,10.6.238.253/24,10.6.238.254,10.18.1.1,10.18.1.2,480,,
9006130634,VLAN 1151,1151,10.6.239.253/24,10.6.239.254,10.18.1.1,10.18.1.2,480,,
9417030229,VLAN 1152,1152,10.6.240.253/24,10.6.240.254,10.18.1.1,10.18.1.2,480,,
8317296960,VLAN 1153,1153,10.6.241.253/24,10.6.241.254,10.18.1.1,10.18.1.2,480,,
8721124617,VLAN 1154,1154,10.6.242.253/24,10.6.242.254,10.18.1.1,10.18.1.2,480,,
11865502916,VLAN 1155,1155,10.6.243.253/24,10.6.243.254,10.18.1.1,10.18.1.2,480,,
6654376853,VLAN 1156,1156,10.6.244.253/24,10.6.244.254,10.18.1.1,10.18.1.2,480,,
7563245174,VLAN 1157,1157,10.6.245.253/24,10.6.245.254,10.18.1.1,10.18.1.2,480,,
6504756244,VLAN 1158,1158,10.6.246.253/24,10.6.246.254,10.18.1.1,10.18.1.2,480,,
6275728436,VLAN 1159,1159,10.6.247.253/24,10.6.247.254,10.18.1.1,10.18.1.2,480,,
10956173012,VLAN 1160,1160,10.6.248.253/24,10.6.248.254,10.18.1.1,10.18.1.2,480,,
10603075615,VLAN 1161,1161,10.6.249.253/24,10.6.249.254,10.18.1.1,10.18.1.2,480,,
7865351547,VLAN 1162,1162,10.6.250.253/24,10.6.250.254,10.18.1.1,10.18.1.2,480,,
8470341730,VLAN 1163,1163,10.6.251.253/24,10.6.251.254,10.18.1.1,10.18.1.2,480,,
7788648566,VLAN 1164,1164,10.6.252.253/24,10.6.252.254,10.18.1.1,10.18.1.2,480,,
13981851744,VLAN 1165,1165,10.6.253.253/24,10.6.253.254,10.18.1.1,10.18.1.2,480,,
10076367289,VLAN 1166,1166,10.6.254.253/24,10.6.254.254,10.18.1.1,10.18.1.2,480,,
6686974600,VLAN 1167,1167,10.6.255.253/24,10.6.255.254,10.18.1.1,10.18.1.2,480,,
9641631262,VLAN 1168,1168,10.7.0.253/24,10.7.0.254,10.18.1.1,10.18.1.2,480,,
10847934670,VLAN 1169,1169,10.7.1.253/24,10.7.1.254,10.18.1.1,10.18.1.2,480,,
8749903169,VLAN 1170,1170,10.7.2.253/24,10.7.2.254,10.18.1.1,10.18.1.2,480,,
10013457138,VLAN 1171,1171,10.7.3.253/24,10.7.3.254,10.18.1.1,10.18.1.2,480,,
8154717528,VLAN 1172,1172,10.7.4.253/24,10.7.4.254,10.18.1.1,10.18.1.2,480,,
9051566117,VLAN 1173,1173,10.7.5.253/24,10.7.5.254,10.18.1.1,10.18.1.2,480,,
6788841210,VLAN 1174,1174,10.7.6.253/24,10.7.6.254,10.18.1.1,10.18.1.2,480,,
12304564196,VLAN 1175,1175,10.7.7.253/24,10.7.7.254,10.18.1.1,10.18.1.2,480,,
4629533600,VLAN 1176,1176,10.7.8.253/24,10.7.8.254,10.18.1.1,10.18.1.2,480,,
7923028326,VLAN 1177,1177,10.7.9.253/24,10.7.9.254,10.18.1.1,10.18.1.2,480,,
10561448252,VLAN 1178,1178,10.7.10.253/24,10.7.10.254,10.18.1.1,10.18.1.2,480,,
9220976386,VLAN 1179,1179,10.7.11.253/24,10.7.11.254,10.18.1.1,10.18.1.2,480,,
7271285319,VLAN 1180,1180,10.7.12.253/24,10.7.12.254,10.18.1.1,10.18.1.2,480,,
5447997305,VLAN 1181,1181,10.7.13.253/24,10.7.13.254,10.18.1.1,10.18.1.2,480,,
9956579814,VLAN 1182,1182,10.7.14.253/24,10.7.14.254,10.18.1.1,10.18.1.2,480,,
6276571788,VLAN 1183,1183,10.7.15.253/24,10.7.15.254,10.18.1.1,10.18.1.2,480,,
9041546557,VLAN 1184,1184,10.7.16.253/24,10.7.16.254,10.18.1.1,10.18.1.2,480,,
6972377435,VLAN 1185,1185,10.7.17.253/24,10.7.17.254,10.18.1.1,10.18.1.2,480,,
11425301712,VLAN 1186,1186,10.7.18.253/24,10.7.18.254,10.18.1.1,10.18.1.2,480,,
5060038795,VLAN 1187,1187,10.7.19.253/24,10.7.19.254,10.18.1.1,10.18.1.2,480,,
8821074985,VLAN 1188,1188,10.7.20.253/24,10.7.20.254,10.18.1.1,10.18.1.2,480,,
6697319798,VLAN 1189,1189,10.7.21.253/24,10.7.21.254,10.18.1.1,10.18.1.2,480,,
9367428425,VLAN 1190,1190,10.7.22.253/24,10.7.22.254,10.18.1.1,10.18.1.2,480,,
10521352201,VLAN 1191,1191,10.7.23.253/24,10.7.23.254,10.18.1.1,10.18.1.2,480,,
10013960334,VLAN 1192,1192,10.7.24.253/24,10.7.24.254,10.18.1.1,10.18.1.2,480,,
9441971375,VLAN 1193,1193,10.7.25.253/24,10.7.25.254,10.18.1.1,10.18.1.2,480,,
11392291581,VLAN 1194,1194,10.7.26.253/24,10.7.26.254,10.18.1.1,10.18.1.2,480,,
12655475174,VLAN 1195,1195,10.7.27.253/24,10.7.27.254,10.18.1.1,10.18.1.2,480,,
9782992928,VLAN 1196,1196,10.7.28.253/24,10.7.28.254,10.18.1.1,10.18.1.2,480,,
8389884251,VLAN 1197,1197,10.7.29.253/24,10.7.29.254,10.18.1.1,10.18.1.2,480,,
8738938047,VLAN 1198,1198,10.7.30.253/24,10.7.30.254,10.18.1.1,10.18.1.2,480,,
8657758297,VLAN 1199,1199,10.7.31.253/24,10.7.31.254,10.18.1.1,10.18.1.2,480,,
14495787381,VLAN 1200,1200,10.7.32.253/24,10.7.32.254,10.18.1.1,10.18.1.2,480,,
9232438134,VLAN 1201,1201,10.7.33.253/24,10.7.33.254,10.18.1.1,10.18.1.2,480,,
8250310933,VLAN 1202,1202,10.7.34.253/24,10.7.34.254,10.18.1.1,10.18.1.2,480,,
11666672901,VLAN 1203,1203,10.7.35.253/24,10.7.35.254,10.18.1.1,10.18.1.2,480,,
6223023146,VLAN 1204,1204,10.7.36.253/24,10.7.36.254,10.18.1.1,10.18.1.2,480,,
12625789448,VLAN 1205,1205,10.7.37.253/24,10.7.37.254,10.18.1.1,10.18.1.2,480,,
12473330834,VLAN 1206,1206,10.7.38.253/24,10.7.38.254,10.18.1.1,10.18.1.2,480,,
5915623722,VLAN 1207,1207,10.7.39.253/24,10.7.39.254,10.18.1.1,10.18.1.2,480,,
10355147819,VLAN 1208,1208,10.7.40.253/24,10.7.40.254,10.18.1.1,10.18.1.2,480,,
8092317786,VLAN 1209,1209,10.7.41.253/24,10.7.41.254,10.18.1.1,10.18.1.2,480,,
8490149469,VLAN 1210,1210,10.7.42.253/24,10.7.42.254,10.18.1.1,10.18.1.2,480,,
12665361784,VLAN 1211,1211,10.7.43.253/24,10.7.43.254,10.18.1.1,10.18.1.2,480,,
5166363514,VLAN 1212,1212,10.7.44.253/24,10.7.44.254,10.18.1.1,10.18.1.2,480,,
8866449159,VLAN 1213,1213,10.7.45.253/24,10.7.45.254,10.18.1.1,10.18.1.2,480,,
8475740258,VLAN 1214,1214,10.7.46.253/24,10.7.46.254,10.18.1.1,10.18.1.2,480,,
5225402722,VLAN 1215,1215,10.7.47.253/24,10.7.47.254,10.18.1.1,10.18.1.2,480,,
8861258040,VLAN 1216,1216,10.7.48.253/24,10.7.48.254,10.18.1.1,10.18.1.2,480,,
11709031483,VLAN 1217,1217,10.7.49.253/24,10.7.49.254,10.18.1.1,10.18.1.2,480,,
12193129771,VLAN 1218,1218,10.7.50.253/24,10.7.50.254,10.18.1.1,10.18.1.2,480,,
3004755755,VLAN 1219,1219,10.7.51.253/24,10.7.51.254,10.18.1.1,10.18.1.2,480,,
11506756046,VLAN 1220,1220,10.7.52.253/24,10.7.52.254,10.18.1.1,10.18.1.2,480,,
11075207981,VLAN 1221,1221,10.7.53.253/24,10.7.53.254,10.18.1.1,10.18.1.2,480,,
10251846220,VLAN 1222,1222,10.7.54.253/24,10.7.54.254,10.18.1.1,10.18.1.2,480,,
9412943991,VLAN 1223,1223,10.7.55.253/24,10.7.55.254,10.18.1.1,10.18.1.2,480,,
8724072572,VLAN 1224,1224,10.7.56.253/24,10.7.56.254,10.18.1.1,10.18.1.2,480,,
8564981636,VLAN 1225,1225,10.7.57.253/24,10.7.57.254,10.18.1.1,10.18.1.2,480,,
11399143512,VLAN 1226,1226,10.7.58.253/24,10.7.58.254,10.18.1.1,10.18.1.2,480,,
6156155848,VLAN 1227,1227,10.7.59.253/24,10.7.59.254,10.18.1.1,10.18.1.2,480,,
7202668805,VLAN 1228,1228,10.7.60.253/24,10.7.60.254,10.18.1.1,10.18.1.2,480,,
3915390156,VLAN 1229,1229,10.7.61.253/24,10.7.61.254,10.18.1.1,10.18.1.2,480,,
8580547240,VLAN 1230,1230,10.7.62.253/24,10.7.62.254,10.18.1.1,10.18.1.2,480,,
8005652329,VLAN 1231,1231,10.7.63.253/24,10.7.63.254,10.18.1.1,10.18.1.2,480,,
6651734086,VLAN 1232,1232,10.7.64.253/24,10.7.64.254,10.18.1.1,10.18.1.2,480,,
9381869478,VLAN 1233,1233,10.7.65.253/24,10.7.65.254,10.18.1.1,10.18.1.2,480,,
12179863448,VLAN 1234,1234,10.7.66.253/24,10.7.66.254,10.18.1.1,10.18.1.2,480,,
9349864205,VLAN 1235,1235,10.7.67.253/24,10.7.67.254,10.18.1.1,10.18.1.2,480,,
12435401922,VLAN 1236,1236,10.7.68.253/24,10.7.68.254,10.18.1.1,10.18.1.2,480,,
6067196109,VLAN 1237,1237,10.7.69.253/24,10.7.69.254,10.18.1.1,10.18.1.2,480,,
10424933092,VLAN 1238,1238,10.7.70.253/24,10.7.70.254,10.18.1.1,10.18.1.2,480,,
10932501882,VLAN 1239,1239,10.7.71.253/24,10.7.71.254,10.18.1.1,10.18.1.2,480,,
5196802267,VLAN 1240,1240,10.7.72.253/24,10.7.72.254,10.18.1.1,10.18.1.2,480,,
7495555935,VLAN 1241,1241,10.7.73.253/24,10.7.73.254,10.18.1.1,10.18.1.2,480,,
5862643592,VLAN 1242,1242,10.7.74.253/24,10.7.74.254,10.18.1.1,10.18.1.2,480,,
2702426544,VLAN 1243,1243,10.7.75.253/24,10.7.75.254,10.18.1.1,10.18.1.2,480,,
12200156733,VLAN 1244,1244,10.7.76.253/24,10.7.76.254,10.18.1.1,10.18.1.2,480,,
7460193445,VLAN 1245,1245,10.7.77.253/24,10.7.77.254,10.18.1.1,10.18.1.2,480,,
7839602671,VLAN 1246,1246,10.7.78.253/24,10.7.78.254,10.18.1.1,10.18.1.2,480,,
10327726973,VLAN 1247,1247,10.7.79.253/24,10.7.79.254,10.18.1.1,10.18.1.2,480,,
5655609345,VLAN 1248,1248,10.7.80.253/24,10.7.80.254,10.18.1.1,10.18.1.2,480,,
3621640112,VLAN 1249,1249,10.7.81.253/24,10.7.81.254,10.18.1.1,10.18.1.2,480,,
8314917336,VLAN 1250,1250,10.7.82.253/24,10.7.82.254,10.18.1.1,10.18.1.2,480,,
5696581636,VLAN 1251,1251,10.7.83.253/24,10.7.83.254,10.18.1.1,10.18.1.2,480,,
5681245247,VLAN 1252,1252,10.7.84.253/24,10.7.84.254,10.18.1.1,10.18.1.2,480,,
8300917715,VLAN 1253,1253,10.7.85.253/24,10.7.85.254,10.18.1.1,10.18.1.2,480,,
13243514705,VLAN 1254,1254,10.7.86.253/24,10.7.86.254,10.18.1.1,10.18.1.2,480,,
8238604210,VLAN 1255,1255,10.7.87.253/24,10.7.87.254,10.18.1.1,10.18.1.2,480,,
6201712308,VLAN 1256,1256,10.7.88.253/24,10.7.88.254,10.18.1.1,10.18.1.2,480,,
11259142820,VLAN 1257,1257,10.7.89.253/24,10.7.89.254,10.18.1.1,10.18.1.2,480,,
12931494688,VLAN 1258,1258,10.7.90.253/24,10.7.90.254,10.18.1.1,10.18.1.2,480,,
7502813774,VLAN 1259,1259,10.7.91.253/24,10.7.91.254,10.18.1.1,10.18.1.2,480,,
6258310117,VLAN 1260,1260,10.7.92.253/24,10.7.92.254,10.18.1.1,10.18.1.2,480,,
12529848985,VLAN 1261,1261,10.7.93.253/24,10.7.93.254,10.18.1.1,10.18.1.2,480,,
8167452895,VLAN 1262,1262,10.7.94.253/24,10.7.94.254,10.18.1.1,10.18.1.2,480,,
6767846283,VLAN 1263,1263,10.7.95.253/24,10.7.95.254,10.18.1.1,10.18.1.2,480,,
8663170280,VLAN 1264,1264,10.7.96.253/24,10.7.96.254,10.18.1.1,10.18.1.2,480,,
9515708535,VLAN 1265,1265,10.7.97.253/24,10.7.97.254,10.18.1.1,10.18.1.2,480,,
7468553964,VLAN 1266,1266,10.7.98.253/24,10.7.98.254,10.18.1.1,10.18.1.2,480,,
6144119342,VLAN 1267,1267,10.7.99.253/24,10.7.99.254,10.18.1.1,10.18.1.2,480,,
11680722086,VLAN 1268,1268,10.7.100.253/24,10.7.100.254,10.18.1.1,10.18.1.2,480,,
7167786781,VLAN 1269,1269,10.7.101.253/24,10.7.101.254,10.18.1.1,10.18.1.2,480,,
10583912635,VLAN 1270,1270,10.7.102.253/24,10.7.102.254,10.18.1.1,10.18.1.2,480,,
4355850021,VLAN 1271,1271,10.7.103.253/24,10.7.103.254,10.18.1.1,10.18.1.2,480,,
7844870857,VLAN 1272,1272,10.7.104.253/24,10.7.104.254,10.18.1.1,10.18.1.2,480,,
9149345246,VLAN 1273,1273,10.7.105.253/24,10.7.105.254,10.18.1.1,10.18.1.2,480,,
11745865325,VLAN 1274,1274,10.7.106.253/24,10.7.106.254,10.18.1.1,10.18.1.2,480,,
5906079379,VLAN 1275,1275,10.7.107.253/24,10.7.107.254,10.18.1.1,10.18.1.2,480,,
6899445685,VLAN 1276,1276,10.7.108.253/24,10.7.108.254,10.18.1.1,10.18.1.2,480,,
5792247384,VLAN 1277,1277,10.7.109.253/24,10.7.109.254,10.18.1.1,10.18.1.2,480,,
6949079497,VLAN 1278,1278,10.7.110.253/24,10.7.110.254,10.18.1.1,10.18.1.2,480,,
7728891449,VLAN 1279,1279,10.7.111.253/24,10.7.111.254,10.18.1.1,10.18.1.2,480,,
9598486014,VLAN 1280,1280,10.7.112.253/24,10.7.112.254,10.18.1.1,10.18.1.2,480,,
10060803144,VLAN 1281,1281,10.7.113.253/24,10.7.113.254,10.18.1.1,10.18.1.2,480,,
5957394064,VLAN 1282,1282,10.7.114.253/24,10.7.114.254,10.18.1.1,10.18.1.2,480,,
13028447753,VLAN 1283,1283,10.7.115.253/24,10.7.115.254,10.18.1.1,10.18.1.2,480,,
11837484831,VLAN 1284,1284,10.7.116.253/24,10.7.116.254,10.18.1.1,10.18.1.2,480,,
8556056047,VLAN 1285,1285,10.7.117.253/24,10.7.117.254,10.18.1.1,10.18.1.2,480,,
12146058592,VLAN 1286,1286,10.7.118.253/24,10.7.118.254,10.18.1.1,10.18.1.2,480,,
10229634227,VLAN 1287,1287,10.7.119.253/24,10.7.119.254,10.18.1.1,10.18.1.2,480,,
11329642289,VLAN 1288,1288,10.7.120.253/24,10.7.120.254,10.18.1.1,10.18.1.2,480,,
9351593994,VLAN 1289,1289,10.7.121.253/24,10.7.121.254,10.18.1.1,10.18.1.2,480,,
9597220814,VLAN 1290,1290,10.7.122.253/24,10.7.122.254,10.18.1.1,10.18.1.2,480,,
5307244345,VLAN 1291,1291,10.7.123.253/24,10.7.123.254,10.18.1.1,10.18.1.2,480,,
6551152448,VLAN 1292,1292,10.7.124.253/24,10.7.124.254,10.18.1.1,10.18.1.2,480,,
11020609970,VLAN 1293,1293,10.7.125.253/24,10.7.125.254,10.18.1.1,10.18.1.2,480,,
11389338164,VLAN 1294,1294,10.7.126.253/24,10.7.126.254,10.18.1.1,10.18.1.2,480,,
9431168398,VLAN 1295,1295,10.7.127.253/24,10.7.127.254,10.18.1.1,10.18.1.2,480,,
8716224811,VLAN 1296,1296,10.7.128.253/24,10.7.128.254,10.18.1.1,10.18.1.2,480,,
8684946262,VLAN 1297,1297,10.7.129.253/24,10.7.129.254,10.18.1.1,10.18.1.2,480,,
4085844855,VLAN 1298,1298,10.7.130.253/24,10.7.130.254,10.18.1.1,10.18.1.2,480,,
7117005417,VLAN 1299,1299,10.7.131.253/24,10.7.131.254,10.18.1.1,10.18.1.2,480,,
8317048186,VLAN 1300,1300,10.7.132.253/24,10.7.132.254,10.18.1.1,10.18.1.2,480,,
12824434657,VLAN 1301,1301,10.7.133.253/24,10.7.133.254,10.18.1.1,10.18.1.2,480,,
6660038537,VLAN 1302,1302,10.7.134.253/24,10.7.134.254,10.18.1.1,10.18.1.2,480,,
11691975047,VLAN 1303,1303,10.7.135.253/24,10.7.135.254,10.18.1.1,10.18.1.2,480,,
9365200707,VLAN 1304,1304,10.7.136.253/24,10.7.136.254,10.18.1.1,10.18.1.2,480,,
8292561002,VLAN 1305,1305,10.7.137.253/24,10.7.137.254,10.18.1.1,10.18.1.2,480,,
10319567463,VLAN 1306,1306,10.7.138.253/24,10.7.138.254,10.18.1.1,10.18.1.2,480,,
13624718067,VLAN 1307,1307,10.7.139.253/24,10.7.139.254,10.18.1.1,10.18.1.2,480,,
5275450772,VLAN 1308,1308,10.7.140.253/24,10.7.140.254,10.18.1.1,10.18.1.2,480,,
9215379324,VLAN 1309,1309,10.7.141.253/24,10.7.141.254,10.18.1.1,10.18.1.2,480,,
8637875172,VLAN 1310,1310,10.7.142.253/24,10.7.142.254,10.18.1.1,10.18.1.2,480,,
6774646450,VLAN 1311,1311,10.7.143.253/24,10.7.143.254,10.18.1.1,10.18.1.2,480,,
9234675527,VLAN 1312,1312,10.7.144.253/24,10.7.144.254,10.18.1.1,10.18.1.2,480,,
9947994049,VLAN 1313,1313,10.7.145.253/24,10.7.145.254,10.18.1.1,10.18.1.2,480,,
9964658331,VLAN 1314,1314,10.7.146.253/24,10.7.146.254,10.18.1.1,10.18.1.2,480,,
11546443509,VLAN 1315,1315,10.7.147.253/24,10.7.147.254,10.18.1.1,10.18.1.2,480,,
8761120966,VLAN 1316,1316,10.7.148.253/24,10.7.148.254,10.18.1.1,10.18.1.2,480,,
6782811538,VLAN 1317,1317,10.7.149.253/24,10.7.149.254,10.18.1.1,10.18.1.2,480,,
10576126337,VLAN 1318,1318,10.7.150.253/24,10.7.150.254,10.18.1.1,10.18.1.2,480,,
12175904127,VLAN 1319,1319,10.7.151.253/24,10.7.151.254,10.18.1.1,10.18.1.2,480,,
11648891145,VLAN 1320,1320,10.7.152.253/24,10.7.152.254,10.18.1.1,10.18.1.2,480,,
5868229791,VLAN 1321,1321,10.7.153.253/24,10.7.153.254,10.18.1.1,10.18.1.2,480,,
9960377379,VLAN 1322,1322,10.7.154.253/24,10.7.154.254,10.18.1.1,10.18.1.2,480,,
11033764341,VLAN 1323,1323,10.7.155.253/24,10.7.155.254,10.18.1.1,10.18.1.2,480,,
7962213158,VLAN 1324,1324,10.7.156.253/24,10.7.156.254,10.18.1.1,10.18.1.2,480,,
7840778390,VLAN 1325,1325,10.7.157.253/24,10.7.157.254,10.18.1.1,10.18.1.2,480,,
9922639707,VLAN 1326,1326,10.7.158.253/24,10.7.158.254,10.18.1.1,10.18.1.2,480,,
8922300483,VLAN 1327,1327,10.7.159.253/24,10.7.159.254,10.18.1.1,10.18.1.2,480,,
14063264638,VLAN 1328,1328,10.7.160.253/24,10.7.160.254,10.18.1.1,10.18.1.2,480,,
5973603283,VLAN 1329,1329,10.7.161.253/24,10.7.161.254,10.18.1.1,10.18.1.2,480,,
11418059121,VLAN 1330,1330,10.7.162.253/24,10.7.162.254,10.18.1.1,10.18.1.2,480,,
10461813825,VLAN 1331,1331,10.7.163.253/24,10.7.163.254,10.18.1.1,10.18.1.2,480,,
10477015190,VLAN 1332,1332,10.7.164.253/24,10.7.164.254,10.18.1.1,10.18.1.2,480,,
7286648701,VLAN 1333,1333,10.7.165.253/24,10.7.165.254,10.18.1.1,10.18.1.2,480,,
11780157580,VLAN 1334,1334,10.7.166.253/24,10.7.166.254,10.18.1.1,10.18.1.2,480,,
10000448208,VLAN 1335,1335,10.7.167.253/24,10.7.167.254,10.18.1.1,10.18.1.2,480,,
7049925063,VLAN 1336,1336,10.7.168.253/24,10.7.168.254,10.18.1.1,10.18.1.2,480,,
6924377803,VLAN 1337,1337,10.7.169.253/24,10.7.169.254,10.18.1.1,10.18.1.2,480,,
5752460821,VLAN 1338,1338,10.7.170.253/24,10.7.170.254,10.18.1.1,10.18.1.2,480,,
12123525319,VLAN 1339,1339,10.7.171.253/24,10.7.171.254,10.18.1.1,10.18.1.2,480,,
8872369245,VLAN 1340,1340,10.7.172.253/24,10.7.172.254,10.18.1.1,10.18.1.2,480,,
6318880715,VLAN 1341,1341,10.7.173.253/24,10.7.173.254,10.18.1.1,10.18.1.2,480,,
10487423717,VLAN 1342,1342,10.7.174.253/24,10.7.174.254,10.18.1.1,10.18.1.2,480,,
8379695898,VLAN 1343,1343,10.7.175.253/24,10.7.175.254,10.18.1.1,10.18.1.2,480,,
10715980620,VLAN 1344,1344,10.7.176.253/24,10.7.176.254,10.18.1.1,10.18.1.2,480,,
9448816304,VLAN 1345,1345,10.7.177.253/24,10.7.177.254,10.18.1.1,10.18.1.2,480,,
6178995722,VLAN 1346,1346,10.7.178.253/24,10.7.178.254,10.18.1.1,10.18.1.2,480,,
7310827314,VLAN 1347,1347,10.7.179.253/24,10.7.179.254,10.18.1.1,10.18.1.2,480,,
5258354609,VLAN 1348,1348,10.7.180.253/24,10.7.180.254,10.18.1.1,10.18.1.2,480,,
7589723764,VLAN 1349,1349,10.7.181.253/24,10.7.181.254,10.18.1.1,10.18.1.2,480,,
10359584483,VLAN 1350,1350,10.7.182.253/24,10.7.182.254,10.18.1.1,10.18.1.2,480,,
4408349006,VLAN 1351,1351,10.7.183.253/24,10.7.183.254,10.18.1.1,10.18.1.2,480,,
6357910252,VLAN 1352,1352,10.7.184.253/24,10.7.184.254,10.18.1.1,10.18.1.2,480,,
8938731824,VLAN 1353,1353,10.7.185.253/24,10.7.185.254,10.18.1.1,10.18.1.2,480,,
5982471014,VLAN 1354,1354,10.7.186.253/24,10.7.186.254,10.18.1.1,10.18.1.2,480,,
8422491500,VLAN 1355,1355,10.7.187.253/24,10.7.187.254,10.18.1.1,10.18.1.2,480,,
6788806522,VLAN 1356,1356,10.7.188.253/24,10.7.188.254,10.18.1.1,10.18.1.2,480,,
13275624407,VLAN 1357,1357,10.7.189.253/24,10.7.189.254,10.18.1.1,10.18.1.2,480,,
11995952873,VLAN 1358,1358,10.7.190.253/24,10.7.190.254,10.18.1.1,10.18.1.2,480,,
11127788861,VLAN 1359,1359,10.7.191.253/24,10.7.191.254,10.18.1.1,10.18.1.2,480,,
11008636988,VLAN 1360,1360,10.7.192.253/24,10.7.192.254,10.18.1.1,10.18.1.2,480,,
6350545600,VLAN 1361,1361,10.7.193.253/24,10.7.193.254,10.18.1.1,10.18.1.2,480,,
7953620929,VLAN 1362,1362,10.7.194.253/24,10.7.194.254,10.18.1.1,10.18.1.2,480,,
5742060842,VLAN 1363,1363,10.7.195.253/24,10.7.195.254,10.18.1.1,10.18.1.2,480,,
8174632124,VLAN 1364,1364,10.7.196.253/24,10.7.196.254,10.18.1.1,10.18.1.2,480,,
6432893086,VLAN 1365,1365,10.7.197.253/24,10.7.197.254,10.18.1.1,10.18.1.2,480,,
7979577871,VLAN 1366,1366,10.7.198.253/24,10.7.198.254,10.18.1.1,10.18.1.2,480,,
8145676382,VLAN 1367,1367,10.7.199.253/24,10.7.199.254,10.18.1.1,10.18.1.2,480,,
7554405546,VLAN 1368,1368,10.7.200.253/24,10.7.200.254,10.18.1.1,10.18.1.2,480,,
7513017875,VLAN 1369,1369,10.7.201.253/24,10.7.201.254,10.18.1.1,10.18.1.2,480,,
5993314248,VLAN 1370,1370,10.7.202.253/24,10.7.202.254,10.18.1.1,10.18.1.2,480,,
10142051389,VLAN 1371,1371,10.7.203.253/24,10.7.203.254,10.18.1.1,10.18.1.2,480,,
4848929877,VLAN 1372,1372,10.7.204.253/24,10.7.204.254,10.18.1.1,10.18.1.2,480,,
9051370704,VLAN 1373,1373,10.7.205.253/24,10.7.205.254,10.18.1.1,10.18.1.2,480,,
7405106181,VLAN 1374,1374,10.7.206.253/24,10.7.206.254,10.18.1.1,10.18.1.2,480,,
10739201177,VLAN 1375,1375,10.7.207.253/24,10.7.207.254,10.18.1.1,10.18.1.2,480,,
6921012664,VLAN 1376,1376,10.7.208.253/24,10.7.208.254,10.18.1.1,10.18.1.2,480,,
6710923292,VLAN 1377,1377,10.7.209.253/24,10.7.209.254,10.18.1.1,10.18.1.2,480,,
6500080936,VLAN 1378,1378,10.7.210.253/24,10.7.210.254,10.18.1.1,10.18.1.2,480,,
7369844788,VLAN 1379,1379,10.7.211.253/24,10.7.211.254,10.18.1.1,10.18.1.2,480,,
10125423034,VLAN 1380,1380,10.7.212.253/24,10.7.212.254,10.18.1.1,10.18.1.2,480,,
8957711575,VLAN 1381,1381,10.7.213.253/24,10.7.213.254,10.18.1.1,10.18.1.2,480,,
9175215477,VLAN 1382,1382,10.7.214.253/24,10.7.214.254,10.18.1.1,10.18.1.2,480,,
12616093211,VLAN 1383,1383,10.7.215.253/24,10.7.215.254,10.18.1.1,10.18.1.2,480,,
10839718285,VLAN 1384,1384,10.7.216.253/24,10.7.216.254,10.18.1.1,10.18.1.2,480,,
6828180284,VLAN 1385,1385,10.7.217.253/24,10.7.217.254,10.18.1.1,10.18.1.2,480,,
7748052296,VLAN 1386,1386,10.7.218.253/24,10.7.218.254,10.18.1.1,10.18.1.2,480,,
10352079351,VLAN 1387,1387,10.7.219.253/24,10.7.219.254,10.18.1.1,10.18.1.2,480,,
8304570383,VLAN 1388,1388,10.7.220.253/24,10.7.220.254,10.18.1.1,10.18.1.2,480,,
10814861077,VLAN 1389,1389,10.7.221.253/24,10.7.221.254,10.18.1.1,10.18.1.2,480,,
10475835525,VLAN 1390,1390,10.7.222.253/24,10.7.222.254,10.18.1.1,10.18.1.2,480,,
10041636488,VLAN 1391,1391,10.7.223.253/24,10.7.223.254,10.18.1.1,10.18.1.2,480,,
9201172554,VLAN 1392,1392,10.7.224.253/24,10.7.224.254,10.18.1.1,10.18.1.2,480,,
5908928612,VLAN 1393,1393,10.7.225.253/24,10.7.225.254,10.18.1.1,10.18.1.2,480,,
9530468427,VLAN 1394,1394,10.7.226.253/24,10.7.226.254,10.18.1.1,10.18.1.2,480,,
12822896631,VLAN 1395,1395,10.7.227.253/24,10.7.227.254,10.18.1.1,10.18.1.2,480,,
9121910927,VLAN 1396,1396,10.7.228.253/24,10.7.228.254,10.18.1.1,10.18.1.2,480,,
13328714439,VLAN 1397,1397,10.7.229.253/24,10.7.229.254,10.18.1.1,10.18.1.2,480,,
8509608600,VLAN 1398,1398,10.7.230.253/24,10.7.230.254,10.18.1.1,10.18.1.2,480,,
7024889208,VLAN 1399,1399,10.7.231.253/24,10.7.231.254,10.18.1.1,10.18.1.2,480,,
10535694204,VLAN 1400,1400,10.7.232.253/24,10.7.232.254,10.18.1.1,10.18.1.2,480,,
12845166506,VLAN 1401,1401,10.7.233.253/24,10.7.233.254,10.18.1.1,10.18.1.2,480,,
9687540774,VLAN 1402,1402,10.7.234.253/24,10.7.234.254,10.18.1.1,10.18.1.2,480,,
7279277297,VLAN 1403,1403,10.7.235.253/24,10.7.235.254,10.18.1.1,10.18.1.2,480,,
9156083448,VLAN 1404,1404,10.7.236.253/24,10.7.236.254,10.18.1.1,10.18.1.2,480,,
13255575776,VLAN 1405,1405,10.7.237.253/24,10.7.237.254,10.18.1.1,10.18.1.2,480,,
5513686981,VLAN 1406,1406,10.7.238.253/24,10.7.238.254,10.18.1.1,10.18.1.2,480,,
11367262887,VLAN 1407,1407,10.7.239.253/24,10.7.239.254,10.18.1.1,10.18.1.2,480,,
7360740279,VLAN 1408,1408,10.7.240.253/24,10.7.240.254,10.18.1.1,10.18.1.2,480,,
10976382520,VLAN 1409,1409,10.7.241.253/24,10.7.241.254,10.18.1.1,10.18.1.2,480,,
11368600087,VLAN 1410,1410,10.7.242.253/24,10.7.242.254,10.18.1.1,10.18.1.2,480,,
8847709461,VLAN 1411,1411,10.7.243.253/24,10.7.243.254,10.18.1.1,10.18.1.2,480,,
9750347748,VLAN 1412,1412,10.7.244.253/24,10.7.244.254,10.18.1.1,10.18.1.2,480,,
9619606016,VLAN 1413,1413,10.7.245.253/24,10.7.245.254,10.18.1.1,10.18.1.2,480,,
7043347244,VLAN 1414,1414,10.7.246.253/24,10.7.246.254,10.18.1.1,10.18.1.2,480,,
7516371374,VLAN 1415,1415,10.7.247.253/24,10.7.247.254,10.18.1.1,10.18.1.2,480,,
10945926556,VLAN 1416,1416,10.7.248.253/24,10.7.248.254,10.18.1.1,10.18.1.2,480,,
9216882024,VLAN 1417,1417,10.7.249.253/24,10.7.249.254,10.18.1.1,10.18.1.2,480,,
10518917702,VLAN 1418,1418,10.7.250.253/24,10.7.250.254,10.18.1.1,10.18.1.2,480,,
9701496089,VLAN 1419,1419,10.7.251.253/24,10.7.251.254,10.18.1.1,10.18.1.2,480,,
3566432050,VLAN 1420,1420,10.7.252.253/24,10.7.252.254,10.18.1.1,10.18.1.2,480,,
8692484108,VLAN 1421,1421,10.7.253.253/24,10.7.253.254,10.18.1.1,10.18.1.2,480,,
9970026896,VLAN 1422,1422,10.7.254.253/24,10.7.254.254,10.18.1.1,10.18.1.2,480,,
